,SMILES,TARGET
0,CC1OC(=O)CC(O)CC(O)CC(O)CCC(O)C(O)CC(=O)CC(O)C(C(O)CC(OC2OC(C)C(O)C(N)C2O)C=CC=CC=CC=CCCC=CC=CC(C)C(O)C1C)C(=O)O,0
1,NCCCCC(NC(CCc1ccccc1)C(=O)O)C(=O)N2CCCC2C(=O)O,2
2,c1ccc(cc1)C2=NCC(=O)Nc3c2cc(cc3)[N+](=O)[O],0
3,CCN(CC)C(C)CN1c2ccccc2Sc3c1cccc3,4
4,CC(CCCC(C)(C)O)C1CCC2C(=CC=C3CC(O)CC(O)C3=C)CCCC12C,2
5,c1ccc(cc1)C(c2ccc(cc2)Cl)N3CCN(CC3)CCOCCO,4
6,CCCSc1ccc2[nH]c(NC(=O)OC)nc2c1,4
7,NC12CC3CC(CC(C3)C1)C2,3
8,CC1CCc2cc(F)cc3C(=O)C(=CN1c23)C(=O)O,1
9,CC1OC(CC(OC(=O)C)C1O)OC2C(O)CC(OC3C(O)CC(OC4CCC5(C)C(CCC6C5CCC7(C)C(CCC67O)C8=CC(=O)OC8)C4)OC3C)OC2C,1
10,CCc1cc2c(s1)n3c(nnc3CN=C2c4ccccc4Cl)C,3
11,CC(C)C(N)C(=O)OCC(CO)OCn1cnc2C(=O)NC(=Nc12)N,0
12,CC1=C(N2C(C(C2=O)NC(=O)C(=NOC)C3=CSC(=N3)N)SC1)C(=O)OCOC(=O)C(C)(C)C,0
13,Cc1onc(c1C(=O)NC2C3SC(C)(C)C(N3C2=O)C(=O)O)c4c(Cl)cccc4Cl,0
14,CSC1=CC2=C(SC3=CC=CC=C3N2CCC2CCCCN2C)C=C1,4
15,COC(=O)C1C(O)CC2(O)CC(O)CC(O)CC(O)CC(O)CC(=O)CC(O)CC(=O)OC(C(C)CCC(O)CC(=O)c3ccc(N)cc3)C(C)C=CC=CC=CC=CC=CC=CC=CC(CC1O2)OC4OC(C)C(O)C(N)C4O,3
16,CON=C(C(=O)NC1C2SCC(=C(N2C1=O)C(=O)O)C)c3csc(N)n3,0
17,CC(=O)Nc1ccc(cc1)O,2
18,CC(Cc1ccc2OCOc2c1)NCC(O)c3ccc(O)c(O)c3,3
19,CC(=O)OCCN1CCN(CC1)CCCN2c3ccccc3Sc4c2cc(cc4)Cl,2
20,CCOC(=O)C=C1SC(N2CCCCC2)C(=O)N1C,2
21,CCOC(=O)C1=C(C)NC(=C(C1c2cccc(c2)[N+](=O)[O])C(=O)OC)C,2
22,COc1ccc(CC(C)NCC(O)c2ccc(O)c(NC=O)c2)cc1,4
23,CSc1ccc(cc1)C(=O)C2=C(C)NC(=O)N2,2
24,NC1=NC(=O)N(C=C1)C2CSC(CO)O2,4
25,C[C@H](CS)C(=O)N1CCC[C@H]1C(O)=O,1
26,CC1OC1P(=O)(O)O,1
27,OS(=O)(=O)c1ccc2NC(=C3Nc4ccc(cc4C3=O)S(=O)(=O)O)C(=O)c2c1,4
28,CN(C)C1C2C(O)C3C(=C(O)C2(O)C(=O)C(=C1O)C(=O)N)C(=O)c4c(O)cccc4C3(C)O,0
29,CCC(=O)OC1(C(C)CC2C3CC(F)C4=CC(=O)C=CC4(C)C3(F)C(O)CC12C)C(=O)SCF,4
30,COC(=O)NC(C(=O)NC(Cc1ccccc1)C(O)CN(Cc2ccc(cc2)c3ccccn3)NC(=O)C(NC(=O)OC)C(C)(C)C)C(C)(C)C,4
31,CC12CCC(=O)C=C1C3CC3C4C2CCC5(C)C4C6CC6C57CCC(=O)O7,4
32,[O][N+](=O)c1cc(ccc1C(=O)C2C(=O)CCCC2=O)C(F)(F)F,3
33,OC(=O)COCCN1CCN(CC1)C(c2ccccc2)c3ccc(Cl)cc3,4
34,CCN1C(=O)C(NC1=O)c2ccccc2,2
35,COc1ccc2[nH]c(nc2c1)S(=O)Cc3ncc(C)c(OC)c3C,0
36,c1cc2c(cc1O)C34CCCCC3(C(C2)N(CC4)CC5CCC5)O,1
37,CCCC(C)C1(C(=O)NC(=O)NC1=O)CC=C,3
38,CNS(=O)(=O)CC1=CC=C2NC=C(CCN(C)C)C2=C1,0
39,CCc1cccc2c3CCOC(CC)(CC(=O)O)c3[nH]c12,0
40,Nc1ccc(cc1)S(=O)(=O)Nc2ccnn2c3ccccc3,0
41,CC(C)NCCCC1(C(=O)N)c2ccccc2c3ccccc13,1
42,c1ccn2c(c1)nn(c2=O)CCCN3CCN(CC3)c4cccc(c4)Cl,2
43,CCCCCCC(C)(C)c1cc(c2c(c1)OC(C3C2CC(=O)CC3)(C)C)O,3
44,COC1CC(CC(C)C2CC(=O)C(C)C=C(C)C(O)C(OC)C(=O)C(C)CC(C)C=CC=CC=C(C)C(CC3CCC(C)C(O)(O3)C(=O)C(=O)N4CCCCC4C(=O)O2)OC)CCC1O,4
45,CC(C)Oc1ccc2C(=O)C(=COc2c1)c3ccccc3,2
46,NC(=Nc1nc(CSCCC(=N)NS(=O)(=O)N)cs1)N,2
47,CC1(CC(=O)N(C1=O)C)c2ccccc2,2
48,CCCc1nc(c(C(=O)O)n1Cc2ccc(cc2)c3ccccc3c4nnn[nH]4)C(C)(C)O,3
49,COC(=O)C1=C(C)NC(=C(C1c2cccc3nonc23)C(=O)OC(C)C)C,4
50,CC1C(OCCN1C)c2ccccc2,3
51,C[N+]1(C)CCC(C1)OC(=O)C(O)(C2CCCC2)c3ccccc3,0
52,COc1ccccc1OC(=O)CNC(=O)Cc2ccc(C(=O)c3ccc(C)cc3)n2C,1
53,CC[N+](C)(CC)CCOC(=O)C1c2ccccc2Oc3ccccc13,1
54,CC1(O)CCC2C3CCC4=CC(=O)CCC4(C)C3CCC12C,2
55,CN1C=CC(=O)C(=C1C)O,4
56,OCC(NC(=O)C(Cl)Cl)C(O)c1ccc(cc1)[N+](=O)[O],1
57,Nc1nc(N)c2nc(c(N)nc2n1)c3ccccc3,1
58,OCCN(CC1)CCN1CC/C=C2C3=C(C=CC(C(F)(F)F)=C3)SC4=CC=CC=C4\2.Cl.Cl,0
59,C[N+]12CCC(CC1)C(C2)OC(=O)C(O)(c3ccccc3)c4ccccc4,1
60,CN1c2ccc(cc2C(=NCC1=O)c3ccccc3)Cl,2
61,CN1C(=O)CC(NC1=O)C(=O)NC(Cc2cnc[nH]2)C(=O)N3CCCC3C(=O)N,1
62,CN1CCC23c4c5ccc(c4OC2C(=O)CCC3C1C5)OC,1
63,CC1(c2ccccc2C(=CCCN(C)C)c3c1cccc3)C,2
64,CCC(Oc1ccccc1)C(=O)NC2C3SC(C)(C)C(N3C2=O)C(=O)O,0
65,OS(=O)CNc1ccc(cc1)S(=O)(=O)c2ccc(NCS(=O)O)cc2,0
66,CC(C)(Cc1ccccc1)N,4
67,NCC1CCC(CC1)C(=O)O,2
68,CN1CCC(=C2c3ccccc3C=Cc4c2cccc4)CC1,3
69,NC(=O)c1ccccc1O,1
70,OCC(O)COC(=O)c1ccccc1Nc2ccnc3c(cccc23)C(F)(F)F,4
71,OCCN1CC(O)C(O)C(O)C1CO,2
72,CC(C)(C#N)c1cc(Cn2cncn2)cc(c1)C(C)(C)C#N,2
73,NC(=N)NC(=O)CC1=C(Cl)C=CC=C1Cl,3
74,CN(C)CCC(c1ccc(cc1)Br)c2ccccn2,4
75,Cn1cc2c3c1cccc3C4(CC(CN(C4C2)C)COC(=O)c5cc(cnc5)Br)OC,1
76,CC1=C(N2C(SC1)C(NC(=O)C(N)C3=CCC=CC3)C2=O)C(=O)O,1
77,NS(=O)(=O)c1cc2c(NC(NS2(=O)=O)C3CC4CC3C=C4)cc1Cl,0
78,CN1CCC23c4c5ccc(c4OC2C(=O)CCC3(C1C5)O)O,2
79,CC(CN1CC(=O)NC(=O)C1)N2CC(=O)NC(=O)C2,2
80,CN(C)C1C2CC3C(O)c4c(Cl)ccc(O)c4C(=C3C(=O)C2(O)C(=O)C(=C(N)O)C1=O)O,0
81,OCC(O)C(O)C(O)C=O,0
82,OC(=N)CCCN=C(C1=CC=C(Cl)C=C1)C1=C(O)C=CC(F)=C1,3
83,CCC1OC(=O)C(C)C(OC2CC(C)(OC)C(O)C(C)O2)C(C)C(OC3OC(C)CC(C3O)N(C)C)C(C)(O)CC(C)CN(C)C(C)C(O)C1(C)O,4
84,CCCN(CCC)S(=O)(=O)c1ccc(cc1)C(=O)O,3
85,NC(=N)NC(=N)NCCc1ccccc1,4
86,CN(C)CCCN1c2ccccc2CCc3c1cccc3,1
87,CCOc1ccc2ccccc2c1NC(=O)C3C4SC(C)(C)C(N4C3=O)C(=O)O,0
88,CC1C(O)CCC2(C)C1CCC3(C)C2C(O)CC4C(=C(CCC=C(C)C)C(=O)O)C(CC34C)OC(=O)C,3
89,Cc1ccnc2N(C3CC3)c4ncccc4C(=O)Nc12,2
90,c1ccc2[nH]c(nc2c1)c3cscn3,3
91,CC(c1ccccc1)(c2ccc(cc2)Cl)OCCC3CCCN3C,2
92,CCc1cc(ccn1)C(=S)N,0
93,CN(C)C(=O)C(CCN1CCC(O)(CC1)C1=CC=C(Cl)C=C1)(C1=CC=CC=C1)C1=CC=CC=C1,4
94,CC(C)NCC(O)COC1=CC=CC=C1CC=C,2
95,CCC(=O)C(CC(C)N1CCCCC1)(c2ccccc2)c3ccccc3,1
96,COc1ccc(cc1)C(=O)N2CCCC2=O,1
97,COC(=O)C1CC2=CC(=O)CCC2(C)C34OC3CC5(C)C(CCC56CCC(=O)O6)C14,0
98,CC1C2Cc3ccc(cc3C1(CCN2CC=C(C)C)C)O,4
99,Cc1nnc(NS(=O)(=O)c2ccc(N)cc2)s1,0
100,COC1C(OC(=O)N)C(O)C(Oc2ccc3C(=O)C(=C(O)Oc3c2C)NC(=O)c4ccc(O)c(CC=C(C)C)c4)OC1(C)C,2
101,CCCCCCCCCCCCCCCC(=O)OCC=C(C)C=CC=C(C)C=CC1=C(C)CCCC1(C)C,1
102,CCC1(C(=O)NCNC1=O)c2ccccc2,0
103,NS(=O)(=O)c1cc(C(=O)O)c(NCc2occc2)cc1Cl,3
104,CCC(=O)N(c1ccccc1)C2(CCN(CC2)CCc3cccs3)COC,4
105,Cc1cc2c(cc1C(=C)c3ccc(cc3)C(=O)O)C(C)(C)CCC2(C)C,3
106,c1ccc2c(c1)N(c3cc(ccc3S2)C(F)(F)F)CCCN4CCN(CC4)CCO,4
107,c1cc(c(cc1C(C(C(=O)O)N)O)O)O,1
108,Cc1cnc(cn1)C(=O)NCCc2ccc(cc2)S(=O)(=O)NC(=O)NC3CCCCC3,2
109,CC(C)NCC(O)COC1=CC=CC2=C1C=CC=C2,3
110,CCC1(O)C(=O)OCC2=C1C=C3N(Cc4cc5ccccc5nc34)C2=O,3
111,COc1ccccc1OCCNCC(O)COc2cccc3[nH]c4ccccc4c23,1
112,CC(C)c1cc(OC(=O)C)c(C)cc1OCCN(C)C,4
113,CCCC1(CCc2ccccc2)CC(=C(C(CC)c3cccc(NS(=O)(=O)c4ccc(cn4)C(F)(F)F)c3)C(=O)O1)O,2
114,CC(N)COC1=C(C)C=CC=C1C,4
115,CC1=CC(=O)Oc2c(C)c3oc(C)cc3cc12,4
116,NS(=O)(=O)c1cc2c(NC(Cc3ccccc3)NS2(=O)=O)cc1C(F)(F)F,0
117,Cc1ncc2C(OCc2c1O)c3ccc(Cl)cc3,2
118,NC(CCC(=O)O)C(=O)O,2
119,CCCC1=CC(=O)NC(=S)N1,4
120,CC1(O)CCC2C3CCC4Cc5[nH]ncc5CC4(C)C3CCC12C,1
121,OCC1CCC(O1)n2cnc3C(=O)NC=Nc23,1
122,OC[C@@H](O)[C@@H](O)[C@H](O)[C@H](O)CO,0
123,CCCC1CC(N(C)C1)C(=O)NC(C(C)O)C2OC(SC)C(O)C(O)C2O,2
124,COCCCC/C(=N\OCCN)/c1ccc(cc1)C(F)(F)F,1
125,CC1OC(CC(N)C1O)OC2CC(O)(Cc3c(O)c4C(=O)c5ccccc5C(=O)c4c(O)c23)C(=O)C,4
126,Cc1cc(cc(c1)OCC2CNC(=O)O2)C,2
127,C[C@]12C[C@H](O)[C@H]3[C@@H](CCC4=CC(=O)CC[C@@]43C)[C@@H]1CC[C@]2(O)C(=O)CO,1
128,c1ccc2c(c1)C=Cc3ccccc3N2CCCN4CCN(CC4)CCO,1
129,CN(C)CC/C=C/1\c2ccccc2CSc3c1cccc3,1
130,CCOC(=O)C(CCc1ccccc1)NC(C)C(=O)N2Cc3ccccc3CC2C(=O)O,4
131,OC(CNCCCCCCNCC(O)c1ccc(O)c(O)c1)c2ccc(O)c(O)c2,2
132,CCN1N=C(C(=O)O)C(=O)c2cc3OCOc3cc12,1
133,ClC1=CC2=C(C=C1)N(C1CCN(CCCN3C(=O)NC4=CC=CC=C34)CC1)C(=O)N2,3
134,COc1ccc(cc1O)C2=CC(=O)c3c(O)cc(OC4OC(COC5OC(C)C(O)C(O)C5O)C(O)C(O)C4O)cc3O2,2
135,C/N=C\1/CN(C(=c2cc(ccc2=N1)Cl)c3ccccc3)O,1
136,CCCCC(CC)CNC(=O)CC(C)O,2
137,COc1ccnc(CS(=O)c2nc3cc(OC(F)F)ccc3[nH]2)c1OC,0
138,CCC1(CCCCN(C1)C)c2cccc(c2)O,3
139,CN1CCN(CC1)C2=Nc3cc(ccc3Nc4c2cccc4)Cl,1
140,CN1c2ccc(cc2C(NCC1=O)C3=CCCCC3)Cl,4
141,CC(C)C(C)C=CC(C)C1CCC2C(=CC=C3CC(O)CCC3C)CCCC12C,4
142,CCOC(=O)C(CCc1ccccc1)NC(C)C(=O)N2CCCC2C(=O)O,3
143,CC(C)(C)C(/C=C/c1ccc2c(c1)OCO2)O,2
144,OC(=O)Cc1ccc(OCC=C)c(Cl)c1,2
145,Cc1nnc2n1c3ccc(cc3C(=NC2)c4ccccc4)Cl,0
146,CN(C)Cc1nnc2n1c3ccc(cc3C(=NC2)c4ccccc4)Cl,4
147,CN(C)CCOC(C1=CC=CC=C1)C1=CC=CC=C1C,1
148,CCSc1ccc2c(c1)N(c3ccccc3S2)CCCN4CCN(CC4)C,3
149,CC(COc1ccccc1)NC(C)C(O)c2ccc(O)cc2,3
150,CC1CS(=O)(=O)CCN1N=Cc2oc(cc2)[N+](=O)[O],2
151,CCNCC(O)c1cccc(O)c1,2
152,[H][C@]12SCC(CSC3=NC(=O)C(=O)NN3C)=C(N1C(=O)[C@H]2NC(=O)C(=N/OC)\C1=CSC(N)=N1)C(O)=O,2
153,CN(C)CCC=C1c2ccccc2C=Cc3c1cccc3,2
154,CC1CC2C3CCC4=CC(=O)C=CC4(C3(C(CC2(C1(C(=O)CO)O)C)O)F)C,2
155,c1ccc(cc1)C(CCN2CCCC2)(C3CCCCC3)O,1
156,Oc1ccc2c(Oc3cc(O)ccc3C24OC(=O)c5ccccc45)c1,1
157,c1ccc(c(c1)C2=NCC(=O)N(c3c2cc(cc3)Cl)CC4CC4)F,4
158,NS(=O)(=O)c1cc(Cl)c(Cl)c(c1)S(=O)(=O)N,0
159,Cc1ccc(cc1)S(=O)(=O)NC(=O)NN2CCCCCC2,4
160,c1ccc(c(c1)C2=NCC(=O)Nc3c2cc(cc3)Cl)Cl,4
161,CC(C)(CO)C(O)C(=O)NCCC(=O)O,0
162,CC1OC(OC2C(O)C(O)C(OC3C(O)C(O)C(O)OC3CO)OC2CO)C(O)C(O)C1NC4C=C(CO)C(O)C(O)C4O,0
163,Cc1c(c(=O)n2ccsc2n1)CCN3CCC(=C(c4ccc(cc4)F)c5ccc(cc5)F)CC3,0
164,CCOC(=O)C1(CCN(CC1)CCc2ccc(cc2)N)c3ccccc3,3
165,COc1ccc(Cl)cc1C(=O)NCCc2ccc(cc2)S(=O)(=O)NC(=O)NC3CCCCC3,4
166,CCC1(C(=O)NC(=O)NC1=O)C1=CCCCC1,1
167,CC(=O)CC(C1=C(O)Oc2ccccc2C1=O)c3ccc(cc3)[N+](=O)[O],3
168,COC(=O)C(c1ccccc1)C2CCCCN2,0
169,CN1CCN(CC1)C(=O)OC2c3c(nccn3)C(=O)N2c4ccc(cn4)Cl,3
170,CC(CN1CCOCC1)C(c2ccccc2)(c3ccccc3)C(=O)N4CCCC4,1
171,c1ccc(cc1)C2=NC(C(=O)Nc3c2cc(cc3)Cl)O,2
172,Cc1ccccc1OC(CCNC)c2ccccc2,0
173,CN(C)C1C2CC3C(=C(O)C2(O)C(=O)C(=C1O)C(=O)N)C(=O)c4c(O)cccc4C3(C)O,1
174,CC(C)CN(CC(O)C(Cc1ccccc1)NC(=O)OC2CCOC2)S(=O)(=O)c3ccc(N)cc3,3
175,COc1cnc(NS(=O)(=O)c2ccc(N)cc2)nc1,2
176,Cc1cccc(Nc2ccccc2C(=O)O)c1C,0
177,CCC1=C(C)CN(C(=O)NCCc2ccc(cc2)S(=O)(=O)NC(=O)NC3CCC(C)CC3)C1=O,3
178,CC(C)(C(=O)c1cccnc1)c2cccnc2,0
179,COC1=C(OC)C=C(CCN(C)CCCC(C#N)(C(C)C)C2=CC(OC)=C(OC)C=C2)C=C1,4
180,c1ccc(cc1)C2(C(=O)NC(=O)N2)c3ccccc3,1
181,NCCCCCC(=O)O,3
182,NCCNCCNCCN,2
183,CCOC(=O)C1=C(COCCN)NC(=C(C1c2ccccc2Cl)C(=O)OC)C,0
184,CN(C)C(=O)Oc1cccc(c1)[N+](C)(C)C,3
185,OC(C1CCCCN1)c2cc(nc3c(cccc23)C(F)(F)F)C(F)(F)F,0
186,c1ccc(c(c1)C2=NCC(=S)N(c3c2cc(cc3)Cl)CC(F)(F)F)F,1
187,CC(CN1c2ccccc2Sc3c1cccc3)CN(C)C,0
188,CC12CC(O)C3C(CCC4=CC(=O)C=CC34C)C1CCC2(O)C(=O)CO,4
189,CCC(=O)N(c1ccccc1)C2(CCN(CC2)CCn3c(=O)n(nn3)CC)COC,2
190,Oc1ccc(Cl)cc1C(=O)Nc2ccc(cc2Cl)[N+](=O)[O],2
191,CCCCN(CCCC)CCC(O)c1cc2c(Cl)cc(Cl)cc2c3cc(ccc13)C(F)(F)F,2
192,[H]\C(CN1CCCC1)=C(\C1=CC=C(C)C=C1)C1=CC=CC(=N1)C(\[H])=C(/[H])C(O)=O,0
193,CC(C)(C)c1cc(SC(C)(C)Sc2cc(c(O)c(c2)C(C)(C)C)C(C)(C)C)cc(c1O)C(C)(C)C,3
194,OCC(O)C1OC(=O)C(=C1O)O,3
195,CC(=O)CC(C1=C(O)c2ccccc2OC1=O)c3ccccc3,0
196,CC(O)(P(=O)(O)O)P(=O)(O)O,0
197,CC(C)NCCCNC(=O)Nc1c(C)cccc1C,1
198,CC12CCC3C(CCC4=CC(=O)C=CC34C)C1CCC(=O)O2,4
199,CCN(CC)CC(=O)NC1=C(C)C=CC=C1C,2
200,CC(C)NCC(O)COc1ccc(CCOCC2CC2)cc1,1
201,[H]C(CCN(C)C)=C1C2=CC=CC=C2COC2=CC=CC=C12,2
202,CC(=O)NC1=CC=C(O)C=C1,0
203,CC(C)Nc1cccnc1N2CCN(CC2)C(=O)c3cc4cc(NS(=O)(=O)C)ccc4[nH]3,0
204,CS(=O)(=O)OCC(O)C(O)COS(=O)(=O)C,4
205,O=C1CCc2cc(OCCCCc3nnnn3C4CCCCC4)ccc2N1,3
206,Nc1nc2ccc(OC(F)(F)F)cc2s1,2
207,CCC1=CC=CC2=C1OC(=C2)C(O)CNC(C)(C)C,0
208,CN1C2CCC1CC(C2)OC(=O)c3c[nH]c4c3cccc4,0
209,OCCN1CCN(CCCN2C3=CC=CC=C3SC3=C2C=C(Cl)C=C3)CC1,0
210,c1cc(ccc1C(CCCN2CCC(CC2)(c3ccc(c(c3)C(F)(F)F)Cl)O)c4ccc(cc4)F)F,1
211,c1ccc2c(c1)/C(=C\CCN3CCN(CC3)CCO)/c4cc(ccc4S2)Cl,4
212,Cc1ccc(cc1)C(=O)c2ccc(CC(=O)O)n2C,3
213,Cc1cc(CC(=O)O)n(C)c1C(=O)c2ccc(Cl)cc2,0
214,NCCCC(O)(P(=O)(O)O)P(=O)(O)O,4
215,c1cc(ccc1C(=O)CCCN2CCC(CC2)(c3ccc(cc3)Cl)O)F,1
216,NC1=Nc2c(ncn2COC(CO)CO)C(=O)N1,2
217,CN1C2CCC1C(C(C2)OC(=O)c3ccccc3)C(=O)OC,0
218,CC(C)NCC(COc1cccc2c1cccc2)O,4
219,c1cc(c(cc1CC(C(=O)O)N)O)O,3
220,CC12CCC3C(CCc4cc(OC(=O)N(CCCl)CCCl)ccc34)C1CCC2O,0
221,CC(C)(C)C(C)(C1CC23CCC1(C4C25CCN(C3Cc6c5c(c(cc6)O)O4)CC7CC7)OC)O,2
222,c1ccc(c(c1)CC(=O)O)Nc2c(cccc2Cl)Cl,2
223,OP(=O)(O)OCC(Cl)(Cl)Cl,2
224,CN(C)CC/C=C\1/c2ccccc2Sc3c1cc(cc3)Cl,3
225,[O][N+](=O)c1oc(C=NN2CCOC2=O)cc1,1
226,CN1C(=C(O)c2ccccc2S1(=O)=O)C(=O)Nc3cc(C)on3,0
227,OC(=O)c1ccc(NC(=O)C(Cc2ccc(O)cc2)NC(=O)c3ccccc3)cc1,4
228,CCC(=O)C(CC(C)N(C)C)(C1=CC=CC=C1)C1=CC=CC=C1,0
229,COc1ccc(cc1)C2C(=O)c3ccccc3C2=O,2
230,CCOC(=O)OC(C)OC(=O)C1N2C(SC1(C)C)C(NC(=O)C(N)c3ccccc3)C2=O,3
231,NC(CSCC(=O)O)C(=O)O,0
232,Clc1ccccc1C(c2ccccc2)(c3ccccc3)n4ccnc4,2
233,CNC1CCc2[nH]c3ccc(cc3c2C1)C(=O)N,4
234,c1cc(ccc1C(=O)CCCN2CCC(CC2)(c3ccc(cc3)Br)O)F,4
235,CN(Cc1cnc2nc(N)nc(N)c2n1)c3ccc(cc3)C(=O)NC(CCC(=O)O)C(=O)O,1
236,CN(Cc1cc(Br)cc(Br)c1N)C2CCCCC2,4
237,OC(=O)c1cccnc1,1
238,CN1CCN(CC1)CC/C=C/2\c3ccccc3Sc4c2cc(cc4)S(=O)(=O)N(C)C,0
239,Cc1onc(c2ccccc2Cl)c1C(=O)NC3C4SC(C)(C)C(N4C3=O)C(=O)O,3
240,CSc1ccc2ncn(/C=C/C(=O)O)c(=O)c2c1,2
241,CN1CCN(CC1)CCCN2c3ccccc3Sc4c2cc(cc4)Cl,0
242,CC(C)(C)NCC(O)C1=CC(CO)=C(O)C=C1,2
243,OC(=O)C1=CC(=CC=C1O)\N=N\C1=CC=C(O)C(=C1)C(O)=O,2
244,CNCCC=C1c2ccccc2CCc2ccccc21,3
245,CC12CCC3C(CCc4cc(OS(=O)(=O)O)ccc34)C1CCC2=O,3
246,COC(=O)C1=C(C)NC(=C(C1c2cccc(c2)[N+](=O)[O])C(=O)OCCN(C)Cc3ccccc3)C,2
247,CCOC(=O)C1(CCN(CC1)C)c2ccccc2,2
248,Cn1c(C=Cc2ccnc(N)n2)ncc1[N+](=O)[O],3
249,CCC1NC(=O)c2cc(c(Cl)cc2N1)S(=O)(=O)N,2
250,c1ccc(cc1)/C=C/CN2CCN(CC2)C(c3ccc(cc3)F)c4ccc(cc4)F,0
251,CCCCc1nc(Cl)c(CO)n1Cc2ccc(cc2)c3ccccc3c4nnn[nH]4,2
252,CCCNC(=O)NS(=O)(=O)c1ccc(Cl)cc1,2
253,CC(C)C(C)C=CC(C)C1CCC2C(=CC=C3CC(O)CCC3=C)CCCC12C,2
254,CC(=O)Oc1ccccc1C(=O)Nc2ncc(s2)[N+](=O)[O],3
255,CCCC(=O)Nc1c(I)cc(I)c(CC(CC)C(=O)O)c1I,1
256,CCCN1C(=O)NC(=O)c2[nH]cnc12,0
257,CC12CCC3C(CCc4cc(O)ccc34)C1CCC2(O)C#C,1
258,CN(C)CCOC1=Cc2cc(ccc2Sc3c1cccc3)Cl,3
259,c1cc(ccc1C2CCNCC2COc3ccc4c(c3)OCO4)F,0
260,Clc1ccccc1CN2CCc3sccc3C2,3
261,CC(C)CCCC(C)C1CCC2C(=CC=C3CC(O)CC(O)C3=C)CCCC12C,1
262,CN1C2CC(CC1C3C2O3)OC(=O)C(CO)c4ccccc4,4
263,OC(=O)C1=CN(C2CC2)c3cc(N4CCNCC4)c(F)cc3C1=O,2
264,CC(Cc1ccc(O)cc1)NCC(O)c2cc(O)cc(O)c2,2
265,CCOC(=O)C(CCc1ccccc1)NC(C)C(=O)N2Cc3cc(OC)c(OC)cc3CC2C(=O)O,0
266,CN(C)CCC(C1=CC=CC=C1)C1=CC=CC=N1,1
267,c1cc(c(c(c1)Cl)Cl)N2CCN(CC2)CCCCOc3ccc4c(c3)NC(=O)CC4,2
268,CCCC(=O)Nc1ccc(OCC(O)CNC(C)C)c(c1)C(=O)C,0
269,CC1(C(=O)N(C(=O)O1)C)C,1
270,CCN(CC)C(=O)/C(=C/c1cc(c(c(c1)O)O)[N+](=O)[O])/C#N,0
271,CCCCCCCCCCCC(CC1OC(=O)C1CCCCCC)OC(=O)C(CC(C)C)NC=O,4
272,CN(C)c1ccc2c(ccc(C=Cc3cc(C)n(c3C)c4ccccc4)[n+]2C)c1,2
273,CN(C)CCN(Cc1ccc(cc1)OC)c2ccccn2,4
274,Cc1ccc(Cl)c(Nc2ccccc2C(=O)O)c1Cl,2
275,CCCc1nn(C)c2C(=O)NC(=Nc12)c3cc(ccc3OCC)S(=O)(=O)N4CCN(C)CC4,1
276,CC(NCCc1ccc(O)cc1)C(O)c2ccc(O)cc2,0
277,CC1Cc2ccccc2N1NC(=O)c3ccc(Cl)c(c3)S(=O)(=O)N,1
278,Cc1onc(c1)C(=O)NCCc2ccc(cc2)S(=O)(=O)NC(=O)NN3CCCCCC3,0
279,CCC(C)C1(C(=O)NC(=O)NC1=O)CC,2
280,CC1C(CCN1Cc2ccccc2)NC(=O)c3cc(c(cc3OC)NC)Cl,3
281,Cc1ccsc1C(=CCCN2CCCC(C2)C(=O)O)c3c(ccs3)C,2
282,COc1cc(C)c(C=CC(=CC=CC(=CC(=O)O)C)C)c(C)c1C,1
283,COc1c(C)c2COC(=O)c2c(O)c1CC=C(C)CCC(=O)O,0
284,OCC(O)C(OC1OC(CO)C(O)C(O)C1O)C(O)C(=O)CO,0
285,COc1ccc(CCN2CCC(CC2)Nc3nc4ccccc4n3Cc5ccc(F)cc5)cc1,1
286,CC(CN(C(=O)C)c1c(I)cc(I)c(N)c1I)C(=O)O,2
287,CCS(=O)(=O)CCn1c(C)ncc1[N+](=O)[O],1
288,Cc1cccc(c1C)C(C)c2c[nH]cn2,2
289,CC(C)NCC(O)COc1ccc(COCCOC(C)C)cc1,4
290,CC12CCC3C(CCC45OC4C(=C(CC35C)C#N)O)C1CCC2O,3
291,CN(C)CC1CCCCC1(c2cccc(c2)OC)O,3
292,CCCc1nc(C)c2C(=O)NC(=Nn12)c3cc(ccc3OCC)S(=O)(=O)N4CCN(CC)CC4,3
293,Nc1ccc(C(=O)O)c(O)c1,3
294,CCN1CCCC1CNC(=O)c2c(ccc(c2OC)Br)OC,1
295,c1ccc2c(c1)c(c3c(n2)CCCC3)N,1
296,CCN(CC)CCOCCOC(=O)C1(CCCC1)c2ccccc2,2
297,CC1=C(Oc2c(cccc2C1=O)C(=O)OCCN3CCCCC3)c4ccccc4,4
298,OC(=O)COC(=O)Cc1ccccc1Nc2c(Cl)cccc2Cl,1
299,CCCCCN(C)CCC(O)(P(=O)(O)O)P(=O)(O)O,2
300,CCN(CC)CCN1C2=C(C=C(Cl)C=C2)C(=NCC1=O)C1=CC=CC=C1F,3
301,CN1c2ccccc2C(c3ccc(cc3S1(=O)=O)Cl)NCCCCCCC(=O)O,1
302,[H][C@@]12OC3=C(O)C=CC4=C3[C@@]11CCN(CC3CC3)[C@]([H])(C4)[C@]1(O)CCC2=O,4
303,CCCC(C)(COC(N)=O)COC(N)=O,1
304,CN1c2ccccc2C(=O)N(c3c1cccc3)CCN(C)C,4
305,CNCCC(c1ccccc1)Oc2ccc(cc2)C(F)(F)F,0
306,Cn1cnc2c1c(=O)n(c(=O)n2C)C,2
307,CCOC(=O)C(CCc1ccccc1)NC(C)C(=O)N2CC3(CC2C(=O)O)SCCS3,3
308,CN(C)CCCN1c2ccccc2Sc3c1cc(cc3)C(F)(F)F,0
309,CN1CCC(=C2c3ccccc3CCc4c2ccs4)CC1,3
310,C1CN2CC(N=C2S1)c3ccccc3,0
311,CCC(C)C(=O)OC1CC(C)C=C2C=CC(C)C(CCC3CC(O)CC(=O)O3)C12,4
312,CC(C)COCC(CN(Cc1ccccc1)c2ccccc2)N3CCCC3,4
313,COc1cc2c(cc1OC)C(=O)C(C2)CC3CCN(CC3)Cc4ccccc4,1
314,CC(C(c1ccccc1)O)NC,0
315,COc1ccc(OC)c(Cc2cnc3nc(N)nc(N)c3c2C)c1,4
316,c1ccc2c(c1)[nH]c(=O)n2C3=CCN(CC3)CCCC(=O)c4ccc(cc4)F,1
317,Cc1ccc(cc1)c2cc(nn2c3ccc(cc3)S(=O)(=O)N)C(F)(F)F,4
318,CC(C)(C)NCC(O)c1cc(Cl)c(N)c(Cl)c1,3
319,OC(=O)c1cc(ccc1O)c2ccc(F)cc2F,4
320,CC1=CN(C2OC(CO)C=C2)C(=O)NC1=O,2
321,NC(=O)c1ncn(n1)C2OC(CO)C(O)C2O,3
322,CCCCNC(=O)NS(=O)(=O)c1ccc(C)cc1,4
323,CC1(C)SC2C(NC(=O)C(N)c3ccccc3)C(=O)N2C1C(=O)O,2
324,Cn1c2c(c(=O)n(c1=O)C)[nH]cn2,4
325,c1ccc2c(c1)c(c[nH]2)C(=O)OC3CC4CC5CC(C3)N4CC5=O,0
326,CN(CS(=O)(=O)O)C1=C(C)N(C)N(C1=O)c2ccccc2,0
327,Cn1c2ccccc2c(n1)C(=O)NC3CC4CCCC(C3)N4C,4
328,CCOC(=O)Nc1ccc(nc1N)NCc2ccc(cc2)F,0
329,Fc1ccc(cc1)C(N2CCN(CC2)c3nc(NCC=C)nc(NCC=C)n3)c4ccc(F)cc4,4
330,Cc1c(Cl)cccc1Nc2ncccc2C(=O)O,2
331,c1c(scn1)CCCl,2
332,CCOC(=O)C(CCc1ccccc1)NC2CCCN3CCCC(N3C2=O)C(=O)O,1
333,OCCOCCN1CCN(CC1)C(C1=CC=CC=C1)C1=CC=C(Cl)C=C1,3
334,CN1CCC(CC1)OC(c2ccccc2)c3ccccc3,1
335,CCCC(CCC)C(=O)O,3
336,OC(=O)CN(CCN(CC(=O)O)CC(=O)O)CC(=O)O,4
337,CC12Cc3cnoc3C=C1CCC4C2CCC5(C)C4CCC5(O)C#C,2
338,CC(C(=O)O)c1ccc2oc(nc2c1)c3ccc(Cl)cc3,3
339,Nc1ccc(cc1)S(=O)(=O)c2ccc(N)cc2,0
340,CN1CCN(CC(=O)N2C3=CC=CC=C3C(=O)NC3=C2N=CC=C3)CC1,3
341,CC(=O)Nc1ccc(C=NNC(=S)N)cc1,2
342,C=CCN1CCC23CCCCC2C1Cc4c3cc(cc4)O,0
343,[O][N+](=O)OCCNC(=O)c1cccnc1,2
344,CCOC(=O)C1(CCC=CC1N(C)C)c2ccccc2,3
345,CON=C(C(=O)NC1C2SCC(=C(N2C1=O)C(=O)OCOC(=O)C(C)(C)C)C=Cc3scnc3C)c4csc(N)n4,4
346,CN1CCCC(C1)CC2c3ccccc3Sc4c2cccc4,3
347,CCN(CC)CCCC(C)Nc1ccnc2cc(Cl)ccc12,1
348,CCC1(C(=O)NC(=O)NC1=O)CCC(C)C,3
349,CC(C)(C)NCC(O)c1onc(Br)c1,2
350,CCOC(=O)C1(CCN(CC1)CCC(c2ccccc2)O)c3ccccc3,0
351,Oc1ccc(cc1)c2sc3cc(O)ccc3c2C(=O)c4ccc(OCCN5CCCCC5)cc4,1
352,CC(c1ccccc1)(c2ccccn2)OCCN(C)C,2
353,Fc1ccc2OCCC3(NC(=O)NC3=O)c2c1,4
354,CC(=O)OCC(CCn1cnc2cnc(N)nc12)COC(=O)C,2
355,OC(=O)c1cccnc1Nc2cccc(c2)C(F)(F)F,1
356,CN1c2ccc(cc2C(=NC(C1=O)O)c3ccccc3)Cl,4
357,OC1=C(C2CCC(CC2)c3ccc(Cl)cc3)C(=O)c4ccccc4C1=O,4
358,CN(C)CCCN1c2ccccc2Sc3c1cccc3,0
359,COc1cc2nc(nc(N)c2cc1OC)N3CCN(CC3)C(=O)C4CCCO4,1
360,CNC(=NCCSCc1nc[nH]c1C)NC#N,4
361,CCC1OC(=O)C(C)C(OC2CC(C)(OC)C(O)C(C)O2)C(C)C(OC3OC(C)CC(C3O)N(C)C)C(C)(O)CC(C)C(=O)C(C)C(O)C1(C)O,1
362,CC(Cc1ccccc1)N(C)CC#C,1
363,CN(C)CCCN1C2=CC=CC=C2CCC2=CC=CC=C12,2
364,CC12CCC3C(CCC4=C(O)C(=O)CCC34C)C1CCC2=O,4
365,CON=C(C(=O)NC1C2SCC(=C(N2C1=O)C(=O)O)C=Cc3scnc3C)c4csc(N)n4,2
366,CN1C(=C(O)c2sccc2S1(=O)=O)C(=O)Nc3ccccn3,4
367,CN1CCC23c4c5ccc(c4OC2C(=O)CCC3(C1C5)O)OC,3
368,COCCC1=CC=C(OCC(O)CNC(C)C)C=C1,3
369,COc1cc2nc(nc(N)c2cc1OC)N3CCN(CC3)C(=O)c4occc4,4
370,CCCCCc1cc(O)c2C3C=C(C)CCC3C(C)(C)Oc2c1,1
371,NC1=CC(=NC(=N)N1O)N2CCCCC2,0
372,NC(=N)NC(=O)Cc1c(Cl)cccc1Cl,2
373,CCCC(NC(C)C(=O)N1C2CCCCC2CC1C(=O)O)C(=O)OCC,4
374,CCCCC(=O)N(Cc1ccc(cc1)c2ccccc2c3nnn[nH]3)C(C(C)C)C(=O)O,4
375,CN(C)CCC=C1c2ccccc2CCc3c1cccc3,4
376,CC(N)C(=O)NC1=C(C)C=CC=C1C,0
377,c1ccc(cc1)C(c2ccccc2)S(=O)CC(=O)N,3
378,C(N(Cc1ccccc1)c2ccccc2)C3=NCCN3,0
379,OCC(O)CO,1
380,CCN(C)C(=O)Oc1cccc(c1)C(C)N(C)C,1
381,Nc1ncnc2c1ncn2CCOCP(=O)(O)O,0
382,OC(=O)CCC(=O)c1ccc(cc1)c2ccccc2,3
383,CCN(CC)C(=O)N1CCN(C)CC1,0
384,CCC(=O)N(C1CCN(CCC2=CC=CC=C2)CC1)C1=CC=CC=C1,2
385,C[n+]1ccccc1C=NO,2
386,CC(C)[N+](C)(CCC(C(=O)N)(c1ccccc1)c2ccccc2)C(C)C,4
387,CC(C)N(CCC(C(=O)N)(c1ccccc1)c2ccccn2)C(C)C,3
388,CC12CCC3C(CCc4cc(O)ccc34)C1CCC2O,0
389,COC1C=COC2(C)Oc3c(C)c(O)c4c(O)c(NC(=O)C(=CC=CC(C)C(O)C(C)C(O)C(C)C(OC(=O)C)C1C)C)c5c(nc6cc(C)ccn56)c4c3C2=O,2
390,CC(C)NCC(O)COC1=CC=C(NC(C)=O)C=C1,4
391,CC(C)NCC(O)c1ccc(O)c(O)c1,1
392,CC(=O)C1CCC2C3C=CC4=CC(=O)CCC4(C)C3CCC12C,4
393,CCN1C=C(C(=O)O)C(=O)c2cc3OCOc3cc12,4
394,OC(=O)CCCC1=CC=C(C=C1)N(CCCl)CCCl,0
395,CN1C(=C(OC(=O)C(C)(C)C)c2ccccc2S1(=O)=O)C(=O)Nc3ccccn3,3
396,CCCCCCCCOc1ccccc1C(=O)Nc2ccc(cc2)C(=O)OCC[N+](C)(CC)CC,4
397,CCc1nn(c(=O)n1CCOc2ccccc2)CCCN3CCN(CC3)c4cccc(c4)Cl,2
398,c1cc(ccc1n2cc(c3c2ccc(c3)Cl)C4CCN(CC4)CCN5CCNC5=O)F,0
399,NNC(=O)c1ccncc1,3
400,CCN(CC)CCCC(C)Nc1c2ccc(Cl)cc2nc3ccc(OC)cc13,0
401,CC(CN1c2ccccc2Sc3c1cccc3)N(C)C,4
402,CC1CN(CC(C)N1)c2c(F)c(N)c3C(=O)C(=CN(C4CC4)c3c2F)C(=O)O,2
403,CCN1CC(C(C1=O)(c2ccccc2)c3ccccc3)CCN4CCOCC4,3
404,CCC(CO)NC(=O)C1CN(C2Cc3cn(c4c3c(ccc4)C2=C1)C)C,3
405,COC(=O)C1C2CCC(N2CCCF)CC1c3ccc(cc3)I,2
406,CC(C)(C)NCC(O)COc1cccc2NC(=O)CCc12,2
407,CS(=O)(=O)OCCCCOS(=O)(=O)C,2
408,CCN1C=C(C(=O)O)C(=O)c2ccc(C)nc12,4
409,NC1C(O)OC(CO)C(O)C1O,1
410,CN(C)CCCN1c2ccccc2Sc3c1cc(cc3)Cl,4
411,FC(F)(F)COc1ccc(OCC(F)(F)F)c(c1)C(=O)NCC2CCCCN2,1
412,CC12CC3CC(C1)(CC(C3)(C2)N)C,4
413,CC(C)C1=C(C)N(C)N(C1=O)c2ccccc2,2
414,CNCCC(c1cccs1)Oc2cccc3c2cccc3,0
415,CCCC(=O)N1CCCN(CC1)c2nc(N)c3cc(OC)c(OC)cc3n2,1
416,CC(=Cc1ccccc1)C=C2SC(=S)N(CC(=O)O)C2=O,4
417,CN(C)CCCN1C2=CC=CC=C2SC2=C1C=C(Cl)C=C2,3
418,CCCCc1ncc(C=C(Cc2cccs2)C(=O)O)n1Cc3ccc(cc3)C(=O)O,2
419,CCC(=C(c1ccccc1)c2ccc(OCCN(C)C)cc2)c3ccccc3,2
420,CC(C)c1nc(nc(c2ccc(F)cc2)c1C=CC(O)CC(O)CC(=O)O)N(C)S(=O)(=O)C,1
421,CC(=O)Nc1nnc(s1)S(=O)(=O)N,2
422,COC(=O)C(Cc1ccccc1)NC(=O)C(N)CC(=O)O,4
423,CCc1oc2ccccc2c1C(=O)c3cc(Br)c(O)c(Br)c3,0
424,c1cc2c3c(c1)C(=O)N(CC3CCC2)C4CN5CCC4CC5,0
425,CN1C(=C(O)c2ccccc2S1(=O)=O)C(=O)Nc3ccccn3,3
426,S=C1NC=Nc2nc[nH]c12,4
427,COCC1=C(N2C(SC1)C(NC(=O)C(=NOC)c3csc(N)n3)C2=O)C(=O)O,1
428,CON=C1CN(CC1CN)c2nc3N(C=C(C(=O)O)C(=O)c3cc2F)C4CC4,1
429,CC(C)NCC(O)COC1=CC=CC=C1OCC=C,3
430,CCC(C)CCCC(=O)NC(CCN)C(=O)NC(C(C)O)C(=O)NC(CCN)C(=O)NC1CCNC(=O)C(NC(=O)C(CCN)NC(=O)C(CCN)NC(=O)C(CC(C)C)NC(=O)C(CC(C)C)NC(=O)C(CCN)NC1=O)C(C)O,2
431,Cc1nccn1CC2CCc3c(c4ccccc4n3C)C2=O,2
432,CN1CCN(CC1)/C=C\2/C(=O)N3c4ccc(cc4C(=NCC3=N2)c5ccccc5Cl)[N+](=O)[O],0
433,CCN(CC)CCOC(=O)C1(CCCCC1)C2CCCCC2,0
434,CC(C)NCC(O)COC1=CC=C(CC(N)=O)C=C1,2
435,NS(=O)(=O)c1cc2c(NCNS2(=O)=O)cc1C(F)(F)F,2
436,CC1=NN=C2CN=C(C3=CC=CC=C3Cl)C3=C(C=CC(Cl)=C3)N12,1
437,CCC(=O)N(c1ccccc1)C2CCN(CC2)CCc3ccccc3,4
438,[H][C@@]12CC[C@@](O)(C#C)[C@@]1(C)CC[C@]1([H])C3=C(CC[C@@]21[H])C=C(O)C=C3,1
439,CCC1(C(=O)N(C(=O)O1)C)C,1
440,CC(C)NCC(O)COc1ccc(CC(=O)N)cc1,2
441,CN(C)CCOC1=Cc2ccccc2Sc3c1cc(cc3)Cl,2
442,COc1cc(Br)c(C[N+]2(CCOCCC3CCC4CC3C4(C)C)CCOCC2)cc1OC,2
443,[O-][N+](=O)C1=CC2=C(NC(=O)CN=C2C2=CC=CC=C2)C=C1,3
444,CC(=O)Oc1ccc2c3c1OC4C35CCN(C(C2)C5C=CC4OC(=O)C)C,3
445,CNC1=Nc2ccc(cc2C(=[N+](C1)[O])c3ccccc3)Cl,2
446,c1ccc2c(c1)C3=NCCN3C2(c4ccc(cc4)Cl)O,3
447,CN(C)CCc1c[nH]c2c1cc(cc2)CS(=O)(=O)N3CCCC3,0
448,CCN1C=C(C(=O)O)C(=O)c2cc(F)c(nc12)N3CCNCC3,2
449,CC(=O)NC(CS)C(=O)O,4
450,CN1CCC(C1)CN2c3ccccc3Sc4c2cccc4,2
451,NC1=NC(=O)N(C=C1F)C2CSC(CO)O2,4
452,CC(C)(C)NCC(O)c1cc(O)cc(O)c1,4
453,O=C(O)c1ccc2[nH]cc(CCCCN3CC=C(c4ccccc4)CC3)c2c1,1
454,CCCC(C)(COC(=O)N)COC(=O)N,1
455,CC(C)(C)C(=O)OCOC(=O)C1N2C(SC1(C)C)C(N=CN3CCCCCC3)C2=O,2
456,CCN(CC)c1cc(C)nc2ncnn12,2
457,CN1CCOC(c2ccccc2C1)c3ccccc3,4
458,CC(C)CC1(C(=O)NC(=O)NC1=O)CC=C,1
459,Oc1c(I)cc(I)c2cccnc12,3
460,c1ccc(cc1)CCNN,2
461,CC(C)(CO)C(O)C(=O)NCCCO,3
462,COc1ccc2cc(CCC(=O)C)ccc2c1,2
463,CC=CC1=C(N2C(SC1)C(NC(=O)C(N)c3ccc(O)cc3)C2=O)C(=O)O,1
464,OCC1OC(C(O)C1O)N2C=C(C=CBr)C(=O)NC2=O,3
465,CCN(CC)Cc1nccn1c2ccc(cc2C(=O)c3ccccc3Cl)[N+](=O)[O],0
466,CN1N=Nc2c(ncn2C1=O)C(=O)N,1
467,CN1c2ccc(cc2C(=NCC1COC)c3ccccc3Cl)Br,2
468,Cc1ccccc1C(c2ccccc2)OCCN(C)C,3
469,CCN1CCCC1CNC(=O)c2cc(c(cc2OC)N)S(=O)(=O)CC,3
470,CC1CCCC(C)N1CCCC(O)(c2ccccc2)c3ccccn3,0
471,OC(=O)Cc1ccc(cc1)c2ccccc2,0
472,CS(=O)(=O)Nc1ccc(cc1Oc2ccccc2)[N+](=O)[O],2
473,Cc1noc(NS(=O)(=O)c2ccc(N)cc2)c1C,0
474,CC(C)CC1C(=O)N2CCCC2C3(N1C(=O)C(O3)(C(C)C)NC(=O)C4CC5c6cccc7c6c(c[nH]7)CC5N(C4)C)O,0
475,CC1(C)SC2C(NC(=O)COc3ccccc3)C(=O)N2C1C(=O)O,4
476,CC1CC2C3CC(F)C4=CC(=O)C=CC4(C)C3C(O)CC2(C)C1C(=O)CO,0
477,c1cnc(nc1)N2CCN(CC2)CCCCN3C(=O)C4C5CCC(C5)C4C3=O,3
478,COc1ccccc1OCC(COC(=O)N)O,4
479,FC1=CN(C2CCCO2)C(=O)NC1=O,2
480,CNS(=O)(=O)Cc1ccc2c(c1)c(c[nH]2)CCN(C)C,3
481,CCC(=O)N(c1ccccc1)C2(CCN(CC2)CCC(=O)OC)C(=O)OC,1
482,CNCCCC1c2ccccc2C=Cc3c1cccc3,0
483,CC(CCc1ccccc1)NC(C)C(O)c2ccc(O)cc2,3
484,Cc1cccc(c1)CN2CCN(CC2)C(c3ccccc3)c4ccc(cc4)Cl,2
485,N=C(N)N1CCC[C@@H](CNC(=O)C[C@H](NS(=O)(=O)c2ccc3ccccc3c2)C(=O)N(CC(=O)O)C2CC2)C1,4
486,CC12CC(O)C3C(CC(F)C4=CC(=O)C=CC34C)C1CCC2(O)C(=O)CO,3
487,[H][C@@]12OC3=C(O)C=CC4=C3[C@@]11CCN(C)[C@]([H])(C4)[C@]1([H])C=C[C@@H]2O,0
488,CCOC(=O)N1C=CN(C)C1=S,2
489,CCCC(C)C1(C(=O)NC(=O)NC1=O)CC,2
490,c1cc(ccc1OCC(CO)O)Cl,1
491,Nc1ccc(O)c(c1)C(=O)O,4
492,CN1CCC23c4c5ccc(c4OC2C(=O)CCC3C1C5)O,1
493,OCC(O)CN1CCN(CC1)c2ccccc2,4
494,CN1CCC23c4c5ccc(c4OC2C(C=CC3C1C5)O)OC,0
495,CN(CCCCCCN(C)C(=O)Oc1ccc[n+](C)c1)C(=O)Oc2ccc[n+](C)c2,0
496,CCc1ccc(CCOc2ccc(CC3SC(=O)NC3=O)cc2)nc1,2
497,CCN(CCCCOC(=O)c1ccc(OC)c(OC)c1)C(C)Cc2ccc(OC)cc2,4
498,Clc1ccc2C(=C3CCNCC3)c4ncccc4CCc2c1,4
499,CC12CCC(=O)C=C1CCC3C4CCC(O)(C(=O)CO)C4(C)CC(=O)C23,0
500,CN(C)CCCN1C2=CC=CC=C2CCC2=C1C=C(Cl)C=C2,3
501,CON=C(C(=O)NC1C2SCC(=C(N2C1=O)C(=O)OC(C)OC(=O)C)COC(=O)N)c3occc3,0
502,Cc1nnc2n1c3c(cc(s3)Br)C(=NC2)c4ccccc4Cl,3
503,CC(C)(C)c1ccc(cc1)C(=O)CCCN2CCC(CC2)OC(c3ccccc3)c4ccccc4,2
504,[O][N+](=O)OCC(O[N+](=O)[O])C(CO[N+](=O)[O])O[N+](=O)[O],4
505,Cc1ccc(C)c(OCCCC(C)(C)C(=O)O)c1,2
506,CC(CCC1=CC=CC=C1)NCC(O)C1=CC(C(N)=O)=C(O)C=C1,2
507,CC(C)C(N)C(=O)OCCOCn1cnc2C(=O)NC(=Nc12)N,2
508,NC1=NC(=O)N(C=N1)C2OC(CO)C(O)C2O,3
509,CC[N+](CC)(CC)CCC(O)(C1CCCCC1)c2ccccc2,2
510,CC(C)NCC(O)COc1ccccc1CC=C,3
511,CN(C)CCCN1c2ccccc2CCc3c1cc(cc3)Cl,4
512,[O][N+](=O)c1nccn1CC(=O)NCc2ccccc2,2
513,CC(C(O)=O)C1=CC(OC2=CC=CC=C2)=CC=C1,1
514,Cc1ccc(cc1)/C(=C/CN2CCCC2)/c3ccccn3,2
515,Cc1onc(c1)C(=O)NCCc2ccc(cc2)S(=O)(=O)NC(=O)NC3CCCCC3,1
516,CC(C)(S)C(N)C(=O)O,3
517,COc1ccc(cc1)C(=C(c2ccc(OC)cc2)c3ccc(OC)cc3)Cl,0
518,CC(C)(Oc1ccc(CCNC(=O)c2ccc(Cl)cc2)cc1)C(=O)O,3
519,C1C(CN(C1=O)CC(=O)N)O,3
520,CN1C2CCC1CC(C2)OC(c3ccccc3)c4ccccc4,0
521,CC(C)OC(=O)C(C)(C)Oc1ccc(cc1)C(=O)c2ccc(Cl)cc2,3
522,OC1COC2C(COC12)O[N+](=O)[O],4
523,C(C(F)(F)F)(OC(F)F)F,2
524,c1ccc2c(c1)c(no2)CS(=O)(=O)N,4
525,CN(C(=O)Cc1ccc(Cl)c(Cl)c1)C(CN1CCCC1)c1cccc(OCC(=O)O)c1,1
526,CN(C)CCOC(c1ccccc1)c2ccc(cc2)Br,1
527,Nc1nc(O)c2N(C=O)C(CNc3ccc(cc3)C(=O)NC(CCC(=O)O)C(=O)O)CNc2n1,3
528,CC(=O)OCC1OC(C(OC(=O)C)C1OC(=O)C)N2N=CC(=O)NC2=O,3
529,OC(CCN1CCCCC1)(C1CC2CC1C=C2)C1=CC=CC=C1,2
530,CCC(C)N1N=CN(C1=O)c2ccc(cc2)N3CCN(CC3)c4ccc(OCC5COC(Cn6cncn6)(O5)c7ccc(Cl)cc7Cl)cc4,2
531,C[N+]1(C)CCN(CC(O)(C2CCCCC2)c3ccccc3)CC1,1
532,OS(=O)(=O)OCC1OC(OC2(COS(=O)(=O)O)OC(OS(=O)(=O)O)C(OS(=O)(=O)O)C2OS(=O)(=O)O)C(OS(=O)(=O)O)C(OS(=O)(=O)O)C1OS(=O)(=O)O,1
533,CCCCCCCCCCCCCCCCOP(=O)(O)OCC[N+](C)(C)C,0
534,COc1cc(N)c(Cl)cc1C(=O)NC2CCN(Cc3ccccc3)CC2,2
535,COc1ccc(CCNCC(O)COc2cccc(C)c2)cc1OC,1
536,COc1c(N2CC3CCCNC3C2)c(F)cc4C(=O)C(=CN(C5CC5)c14)C(=O)O,0
537,OC(=O)CCc1oc(c2ccccc2)c(n1)c3ccccc3,3
538,CC(C1Nc2cc(Cl)c(cc2S(=O)(=O)N1)S(=O)(=O)N)c3ccccc3,4
539,CC1CC2=CC(=O)CCC2(C)C3CCC4(C)C(CCC4(C)O)C13,4
540,CN1CCC23c4c5ccc(c4OC2C(CCC3C1C5)O)OC,4
541,CC(C)(C)C1=CC=C(C=C1)C(=O)CCCN1CCC(CC1)OC(C1=CC=CC=C1)C1=CC=CC=C1,1
542,CN(C(=O)C(Cl)Cl)c1ccc(O)cc1,3
543,COc1ccc2c(c1)c(CC(=O)O)c(C)n2C(=O)c3ccc(Cl)cc3,0
544,c1cc2c(c(c1)OCC3CNCCO3)CC=C2,1
545,CN1CC(O)C2=CC(=NNC(=O)N)C(=O)C=C12,2
546,c1ccc(cc1)C(COC(=O)N)COC(=O)N,0
547,CC(C)(C)NCC(O)C1=CC(O)=CC(O)=C1,2
548,Oc1ccc2[nH]cc(CCCCN3CC=C(c4ccccc4)CC3)c2c1,3
549,CC(=O)Oc1cc(C)c(OC(=O)C)c2ccccc12,1
550,OS(=O)(=O)CCS,0
551,CN1CCc2cccc3c2C1Cc4c3c(c(cc4)O)O,3
552,CC(O)(CS(=O)(=O)c1ccc(F)cc1)C(=O)Nc2ccc(C#N)c(c2)C(F)(F)F,3
553,Cc1ccc(cc1)S(=O)(=O)NC(=O)NN2CC3CCCC3C2,1
554,CN(C)CCC(c1ccc(cc1)Cl)c2ccccn2,4
555,CC1=C(C(C(=C(N1)C)C(=O)OC(C)C)c2cccc(c2)[N+](=O)[O])C(=O)OCCOC,3
556,CC(CS)C(=O)N1CCCC1C(=O)O,1
557,CC(O)C(O)C1CNC2=C(N1)C(=O)NC(=N2)N,2
558,NC(C(=O)NC1C2SCC(=C(N2C1=O)C(=O)O)Cl)c3ccccc3,4
559,Cc1ccc(cn1)c2ncc(Cl)cc2c3ccc(cc3)S(=O)(=O)C,4
560,OC[C@@H](NC(=O)C(Cl)Cl)[C@H](O)C1=CC=C(C=C1)[N+]([O-])=O,1
561,CCOC(=O)C1=C(C)NC(C)=C(C1C1=CC(=CC=C1)[N+]([O-])=O)C(=O)OC,2
562,[O][N+](=O)OCC(CO[N+](=O)[O])(CO[N+](=O)[O])CO[N+](=O)[O],1
563,CCOC(=O)C(CCc1ccccc1)NC(C)C(=O)N2C3CCCC3CC2C(=O)O,0
564,Cc1nnc2n1c3ccc(cc3C(=NC2)c4ccccc4Cl)Cl,2
565,O=C1NC=Nc2[nH]ncc12,1
566,c1ccc2c(c1)[nH]c(=O)n2C3CCN(CC3)CCCC(=O)c4ccc(cc4)F,3
567,OC(CBr)C(O)C(O)C(O)CBr,0
568,CC(=O)c1ccc(cc1)S(=O)(=O)NC(=O)NC2CCCCC2,1
569,CNCCCN1C2=CC=CC=C2CCC2=CC=CC=C12,0
570,Cc1c(c(=O)n2c(n1)CCCC2)CCN3CCC(CC3)c4c5ccc(cc5on4)F,4
571,Cc1c(c2cc(c(cc2[nH]1)OC)OC)CCN3CCN(CC3)c4ccccc4,4
572,c1ccc(cc1)N2CNC(=O)C23CCN(CC3)CCCC(c4ccc(cc4)F)c5ccc(cc5)F,3
573,CC[N+](C)(C)C(C)CC(c1ccccc1)c2ccccc2,0
574,CC(C)CC1C(=O)N2CCCC2C3(N1C(=O)C(O3)(C(C)C)NC(=O)C4CN(C5Cc6c7c(cccc7[nH]c6Br)C5=C4)C)O,1
575,CCCC(CCC)C(=O)OC1CC2CCC(C1)[N+]2(C)C,0
576,Cc1onc(c2ccccc2)c1C(=O)NC3C4SC(C)(C)C(N4C3=O)C(=O)O,4
577,CNCCC(OC1=CC=C(C=C1)C(F)(F)F)C1=CC=CC=C1,3
578,OC(=O)Cc1nn(cc1c2ccc(Cl)cc2)c3ccc(F)cc3,0
579,CC[N+](CC)(CCNC(=O)C(=O)NCC[N+](CC)(CC)Cc1ccccc1Cl)Cc2ccccc2Cl,2
580,Nc1nc(cs1)C(=NOCC(=O)O)C(=O)NC2C3SCC(=C(N3C2=O)C(=O)O)C=C,3
581,CCOC1=CC=C(NC(C)=O)C=C1,3
582,ClCCN(CCCl)C1=CNC(=O)NC1=O,4
583,C1CC(=O)N(C1)CC(=O)N,3
584,CCCCC(=O)O[C@H]1CC[C@H]2[C@@H]3CCc4cc(O)ccc4[C@H]3CC[C@]12C,4
585,CN1c2ccc(cc2C(=NCC1=O)c3ccccc3F)[N+](=O)[O],3
586,CC(C)(C)NC(=O)C1CN(Cc2cccnc2)CCN1CC(O)CC(Cc3ccccc3)C(=O)NC4C(O)Cc5ccccc45,2
587,CCC(=O)OC(Cc1ccccc1)(c2ccccc2)C(C)CN(C)C,3
588,CC(=O)OCC(=O)C1(O)C(CC2C3CCC4=CC(=O)C=CC4(C)C3(F)C(O)CC12C)OC(=O)C,4
589,CC1CCN(CC1)CCCC(=O)c2ccc(cc2)F,1
590,NC1=Nc2nc[nH]c2C(=S)N1,1
591,Nc1nc(cs1)C(=CCC(=O)O)C(=O)NC2C3SCC=C(N3C2=O)C(=O)O,3
592,CN1CCN2c3c(cccn3)Cc4ccccc4C2C1,2
593,CN(C)CCOC(c1ccccc1)c2ccccc2,4
594,CC12CCC3C(CCc4cc(OC5CCCC5)ccc34)C1CCC2(O)C#C,3
595,NCC1OC(OC2C(O)C(OC3C(O)C(N)CC(N)C3OC4OC(CN)C(O)C(O)C4N)OC2CO)C(N)C(O)C1O,0
596,CC(C)CCCC(C)C1CCC2C(=CC=C3CC(O)CCC3=C)CCCC12C,3
597,c1ccc2c(c1)c(ns2)N3CCN(CC3)CCCCN4C(=O)C5CCCCC5C4=O,3
598,Cc1ccc(cc1)c2c(n3cc(ccc3n2)C)CC(=O)N(C)C,4
599,C=CCN1CCc2c(sc(n2)N)CC1,3
600,NC(Cc1cc(I)c(Oc2cc(I)c(O)c(I)c2)c(I)c1)C(=O)O,4
601,[H][C@@]12CC[C@H](O)[C@@]1(C)CC[C@@]1([H])[C@@]2([H])CCC2=CC(=O)CC[C@]12C,4
602,CN1CCN(CC1)c2c(F)cc3C(=O)C(=CN(CCF)c3c2F)C(=O)O,0
603,c1cc(c(c(c1)Cl)Cl)c2c(nc(nn2)N)N,4
604,CC(C)NC(=O)NS(=O)(=O)c1cnccc1Nc2cccc(C)c2,1
605,CC1C2C(O)C3C(N(C)C)C(=C(C(=O)N)C(=O)C3(O)C(=C2C(=O)c4c(O)cccc14)O)O,1
606,CCN(CC)CC#CCOC(=O)C(O)(C1CCCCC1)c2ccccc2,3
607,NC(Cc1cc(I)c(Oc2ccc(O)c(I)c2)c(I)c1)C(=O)O,0
608,c1ccc(c(c1)C2=NC(C(=O)Nc3c2cc(cc3)Cl)O)Cl,4
609,CC1=CC(=O)N2CC(=O)N(c3ccc(cc3C2(O1)c4ccccc4)Cl)C,3
610,CC(=O)Oc1ccc(cc1)C(=C2CCCCC2)c3ccc(OC(=O)C)cc3,1
611,CC(COc1ccccc1)N(CCCl)Cc2ccccc2,2
612,CN1CCN(CC1)C(c2ccccc2)c3ccccc3,4
613,CC1(C)SC2C(N3C(=O)C(NC3(C)C)c4ccccc4)C(=O)N2C1C(=O)O,1
614,CN(C)CCOc1ccc(cc1)C(=C(CCCl)c2ccccc2)c3ccccc3,3
615,CC(=O)OC1=CC=CC=C1C(O)=O,3
616,Cn1cnc(c1Sc2ncnc3[nH]cnc23)[N+](=O)[O],1
617,C=CC(CCC(=O)O)N,3
618,c1ccc(cc1)/C=C/CN2CCN(CC2)C(c3ccccc3)c4ccccc4,1
619,CC1OC(=O)CC(O)CC(O)CCC(O)C(O)CC(O)CC2(O)CC(O)C(C(CC(OC3OC(C)C(O)C(N)C3O)C=CC=CC=CC=CC=CC=CC=CC(C)C(O)C1C)O2)C(=O)O,2
620,CCC1(C(=O)NC(=O)NC1=O)c2ccccc2,2
621,C1CCC(CC1)(CC(=O)O)CN,3
622,CC(CCC(=O)O)C1CCC2C3C(O)CC4CC(O)CCC4(C)C3CCC12C,3
623,CC(Cn1cnc2c(N)ncnc12)OCP(=O)(O)O,3
624,O=C1C(C(=O)c2ccccc12)c3ccccc3,4
625,OC(=O)C(CC1=CC(=O)Nc2ccccc12)NC(=O)c3ccc(Cl)cc3,3
626,CN(C)CCN(Cc1ccccc1)c2ccccn2,3
627,CC(C)NCC(O)COC1=CC=C(CCOCC2CC2)C=C1,3
628,NS(=O)(=O)c1cc2c(cc1Cl)N=CNS2(=O)=O,0
629,CC[N+](C)(CC)CCOC(=O)C(O)(C1CCCCC1)c2ccccc2,4
630,CN1CCC2=C(C1)c3ccccc3Cc4c2cccc4,3
631,Nc1c(Br)cc(Br)cc1CNC2CCC(O)CC2,3
632,CC1CC2C(CCC3(C)C2CCC3(O)C(=O)C)C4(C)CCC(=O)C=C14,4
633,CCC(/C=C/Cl)(C#C)O,4
634,CCN(CC)CCNC(=O)c1cc(c(cc1OC)N)Cl,2
635,CC(C1=NCCN1)Oc2c(cccc2Cl)Cl,1
636,ClCCN(CCCl)P1(=O)OCCCN1CCCl,3
637,CC12CC(O)C3(F)C(CCC4=CC(=O)C=CC34C)C1CC(O)C2(O)C(=O)CO,0
638,CN1c2ccc(cc2N(C(=O)CC1=O)c3ccccc3)Cl,4
639,Clc1ccc2N=C3NC(=O)CN3Cc2c1Cl,3
640,CC(C(O)=O)C1=CC(=CC=C1)C(=O)C1=CC=CC=C1,1
641,CCC(=O)C(CC(C)N(C)C)(c1ccccc1)c2ccccc2,4
642,CC1(C)SC2C(NC(=O)C3(N)CCCCC3)C(=O)N2C1C(=O)O,1
643,Oc1c(Cl)cc(Cl)cc1Sc2cc(Cl)cc(Cl)c2O,0
644,COc1ccc(OC)c(c1)C(O)CNC(=O)CN,1
645,CCN(CC)CCNC(=O)c1ccc(NC(=O)C)cc1,1
646,CNCCc1ccccn1,4
647,CC(C)(C)NCC(O)COc1nsnc1N2CCOCC2,1
648,CCOc1ccccc1OCCNC(C)Cc2ccc(OC)c(c2)S(=O)(=O)N,2
649,OP(=O)(O)C(Sc1ccc(Cl)cc1)P(=O)(O)O,1
650,CCCCNc1cc(cc(c1Oc2ccccc2)S(=O)(=O)N)C(=O)O,3
651,CCC(=C)C(=O)c1ccc(OCC(=O)O)c(Cl)c1Cl,0
652,CCC(CO)NC(=O)C1CN(C)C2Cc3c[nH]c4cccc(C2=C1)c34,0
653,c1ccc(cc1)C2=NC(C(=O)Nc3c2cc(cc3)Cl)C(=O)O,2
654,c1ccc2c(c1)CC(=O)c3ccccc3N2C(=O)N,1
655,CN1CCN(CC1)CCCN2c3ccccc3Sc4c2cc(cc4)S(=O)(=O)N(C)C,3
656,COc1cc(Cc2cnc(N)nc2N)cc(OC)c1OC,2
657,CC(C)NCC1CCc2cc(CO)c(cc2N1)[N+](=O)[O],0
658,CCC1OC(=O)C(C)C(OC2CC(C)(OC)C(O)C(C)O2)C(C)C(OC3OC(C)CC(C3O)N(C)C)C(C)(O)CC(C)C(=NOCOCCOC)C(C)C(O)C1(C)O,2
659,CC(CN1C2=CC=CC=C2SC2=CC=CC=C12)N(C)C,4
660,c1cc(ccc1C(=O)NCCN2CCOCC2)Cl,2
661,COC1C(CC(=O)OC(C)CC=CC=CC(O)C(C)CC(CC=O)C1OC2OC(C)C(OC3CC(C)(OC(=O)CC(C)C)C(O)C(C)O3)C(C2O)N(C)C)OC(=O)C,4
662,CNC(=O)C(NC(=O)C(CC(C)C)C(O)C(=O)NO)C(C)(C)C,3
663,c1ccc2c(c1)CCc3ccccc3C2NCCCCCCC(=O)O,4
664,CN(C)C=Nc1c(I)cc(I)c(CCC(=O)O)c1I,0
665,CN1C(=C(O)c2ccccc2S1(=O)=O)C(=O)Nc3ncc(C)s3,4
666,CC1(O)CCC2C3CCC4=CC(=O)CCC4(C)C3(F)C(O)CC12C,2
667,COC1C=COC2(C)Oc3c(C)c(O)c4c(O)c(NC(=O)C(=CC=CC(C)C(O)C(C)C(O)C(C)C(OC(=O)C)C1C)C)c(C=NN5CCN(C)CC5)c(O)c4c3C2=O,0
668,CC(Cc1ccccc1)N(C)Cc2ccccc2,1
669,CN1c2ccc(cc2C(=NC(C1=O)O)c3ccccc3Cl)Cl,4
670,COc1ccc2c(c1)c(CC(=O)OCC(=O)O)c(C)n2C(=O)c3ccc(Cl)cc3,3
671,c1ccc(cc1)C2CC2N,1
672,CCN1C=C(C(=O)O)C(=O)c2cc(F)c(cc12)N3CCNCC3,1
673,CN1CCN(CC1)C1=C(F)C=C2C(=O)C(=CN(CCF)C2=C1F)C(O)=O,0
674,c1ccc(cc1)CC(=O)NC(=O)N,0
675,Cc1cc(no1)C(=O)NNCc2ccccc2,4
676,CN1C=CNC1=S,0
677,[Br].C[N+]1(C)C2CCC1CC(C2)OC(=O)C(O)c3ccccc3,0
678,CC1OC(OC(O1)C)C,4
679,CCCN(CCC)C(=O)Cc1c(nc2n1cc(cc2)Cl)c3ccc(cc3)Cl,3
680,C\C(\C=C\C1=C(C)CCCC1(C)C)=C/C=C/C(/C)=C\C(O)=O,2
681,CC[N+]1(CC)CCC(=C(c2ccccc2)c3ccccc3)C1C,2
682,CC(C)N1C(=O)N=C(c2ccccc2)c3ccc(C)cc13,1
683,CN1C(=O)N(CCCCC(=O)C)C(=O)c2c1ncn2C,2
684,COC1C=COC2(C)Oc3c(C)c(O)c4C(=O)C(=C5NC6(CCN(CC(C)C)CC6)N=C5c4c3C2=O)NC(=O)C(=CC=CC(C)C(O)C(C)C(O)C(C)C(OC(=O)C)C1C)C,3
685,CN1C(=O)N(C)c2ncn(CC(O)CO)c2C1=O,2
686,OC(=O)CCNC(=O)c1ccc(cc1)N=Nc2ccc(O)c(c2)C(=O)O,0
687,c1cc2c(cc1Cl)[nH]c(=O)o2,3
688,NCC(O)C1=CC(O)=CC=C1,0
689,CN1CCC23c4c5ccc(c4OC2C(C=CC3C1C5)O)O,0
690,COC1C=COC2(C)Oc3c(C)c(O)c4c(O)c(NC(=O)C(=CC=CC(C)C(O)C(C)C(O)C(C)C(OC(=O)C)C1C)C)c(C=NN5CCN(CC5)C6CCCC6)c(O)c4c3C2=O,0
691,Cc1cc2c(s1)Nc3ccccc3N=C2N4CCN(CC4)C,3
692,c1ccc(cc1)C(CCN2CCCCC2)(C3CCCCC3)O,1
693,CN1C(=O)N(C)c2ncn(CC3OCCO3)c2C1=O,3
694,CN(C)CCCC1(c2ccc(cc2CO1)C#N)c3ccc(cc3)F,4
695,CC1C2Cc3ccc(cc3C1(CCN2CCc4ccccc4)C)O,3
696,NC(N)=NN=CC1=C(Cl)C=CC=C1Cl,0
697,CC12CCC3C(CCC4NC(=O)C=CC34C)C1CCC2C(=O)Nc5cc(ccc5C(F)(F)F)C(F)(F)F,0
698,CC1CC2C3CC(F)C4=CC(=O)C=CC4(C)C3C(O)CC2(C)C1(O)C(=O)CO,4
699,FC(F)(F)C(F)(F)C(F)(F)C(F)(F)C(F)(F)C(F)(F)C(F)(F)C(F)(F)Br,2
