,SMILES,TARGET,TARGET_1,TARGET_2
0,CC1OC(=O)CC(O)CC(O)CC(O)CCC(O)C(O)CC(=O)CC(O)C(C(O)CC(OC2OC(C)C(O)C(N)C2O)C=CC=CC=CC=CCCC=CC=CC(C)C(O)C1C)C(=O)O,0,-0.03173449284344751,-0.2080493994291401
1,NCCCCC(NC(CCc1ccccc1)C(=O)O)C(=O)N2CCCC2C(=O)O,0,-0.7457495688730926,-2.471893638709574
2,c1ccc(cc1)C2=NCC(=O)Nc3c2cc(cc3)[N+](=O)[O],1,0.16959032157909354,0.6724786675695241
3,CCN(CC)C(C)CN1c2ccccc2Sc3c1cccc3,1,2.1507814518367936,-0.9353295955373244
4,CC(CCCC(C)(C)O)C1CCC2C(=CC=C3CC(O)CC(O)C3=C)CCCC12C,0,-0.39707745733342287,0.15493002410999446
5,c1ccc(cc1)C(c2ccc(cc2)Cl)N3CCN(CC3)CCOCCO,1,-0.801050040523335,-0.9357542904820626
6,CCCSc1ccc2[nH]c(NC(=O)OC)nc2c1,0,0.15347894839551313,0.33256239825631084
7,NC12CC3CC(CC(C3)C1)C2,0,-0.7948743218786481,0.1022828819533901
8,CC1CCc2cc(F)cc3C(=O)C(=CN1c23)C(=O)O,0,-0.5838001387787772,0.7146963661885508
9,CC1OC(CC(OC(=O)C)C1O)OC2C(O)CC(OC3C(O)CC(OC4CCC5(C)C(CCC6C5CCC7(C)C(CCC67O)C8=CC(=O)OC8)C4)OC3C)OC2C,0,-1.1447420605764274,-0.25892022684695293
10,CCc1cc2c(s1)n3c(nnc3CN=C2c4ccccc4Cl)C,1,-0.4606546319894912,0.19304709457957134
11,CC(C)C(N)C(=O)OCC(CO)OCn1cnc2C(=O)NC(=Nc12)N,0,0.5687094107749531,1.366657666496706
12,CC1=C(N2C(C(C2=O)NC(=O)C(=NOC)C3=CSC(=N3)N)SC1)C(=O)OCOC(=O)C(C)(C)C,0,-1.36002228079414,-0.20066253802743786
13,Cc1onc(c1C(=O)NC2C3SC(C)(C)C(N3C2=O)C(=O)O)c4c(Cl)cccc4Cl,0,0.2665868336224668,-0.2640336950643442
14,CSC1=CC2=C(SC3=CC=CC=C3N2CCC2CCCCN2C)C=C1,1,1.2538333112054698,-1.5353962074188316
15,COC(=O)C1C(O)CC2(O)CC(O)CC(O)CC(O)CC(O)CC(=O)CC(O)CC(=O)OC(C(C)CCC(O)CC(=O)c3ccc(N)cc3)C(C)C=CC=CC=CC=CC=CC=CC=CC(CC1O2)OC4OC(C)C(O)C(N)C4O,0,0.661578277102302,-0.5749741172438261
16,CON=C(C(=O)NC1C2SCC(=C(N2C1=O)C(=O)O)C)c3csc(N)n3,0,-1.4476004680956152,-0.4558167801018053
17,CC(=O)Nc1ccc(cc1)O,1,0.4510285373271613,0.7680985596385017
18,CC(Cc1ccc2OCOc2c1)NCC(O)c3ccc(O)c(O)c3,0,-0.19931009648507764,-2.181329033575462
19,CC(=O)OCCN1CCN(CC1)CCCN2c3ccccc3Sc4c2cc(cc4)Cl,1,0.8479683830446444,0.1956604267574517
20,CCOC(=O)C=C1SC(N2CCCCC2)C(=O)N1C,0,0.5824774291063136,-0.13558592549450524
21,CCOC(=O)C1=C(C)NC(=C(C1c2cccc(c2)[N+](=O)[O])C(=O)OC)C,0,-2.202367829126346,-0.5173582267883727
22,COc1ccc(CC(C)NCC(O)c2ccc(O)c(NC=O)c2)cc1,0,-0.6804489642585391,-0.5991252283836935
23,CSc1ccc(cc1)C(=O)C2=C(C)NC(=O)N2,0,-0.011300244218283139,-0.8843836462327521
24,NC1=NC(=O)N(C=C1)C2CSC(CO)O2,0,0.5099475616113736,-1.6734710897003173
25,C[C@H](CS)C(=O)N1CCC[C@H]1C(O)=O,0,-1.8300899005594071,-0.10522146659110168
26,CC1OC1P(=O)(O)O,0,0.9603431316071854,0.12070232122300519
27,OS(=O)(=O)c1ccc2NC(=C3Nc4ccc(cc4C3=O)S(=O)(=O)O)C(=O)c2c1,0,0.7236980218561772,0.4543522559911974
28,CN(C)C1C2C(O)C3C(=C(O)C2(O)C(=O)C(=C1O)C(=O)N)C(=O)c4c(O)cccc4C3(C)O,0,1.5282615023043955,-0.07098885696438341
29,CCC(=O)OC1(C(C)CC2C3CC(F)C4=CC(=O)C=CC4(C)C3(F)C(O)CC12C)C(=O)SCF,0,-0.14356572004001458,-1.2170746236918946
30,COC(=O)NC(C(=O)NC(Cc1ccccc1)C(O)CN(Cc2ccc(cc2)c3ccccn3)NC(=O)C(NC(=O)OC)C(C)(C)C)C(C)(C)C,0,-0.7219374305553066,-0.3690548727321617
31,CC12CCC(=O)C=C1C3CC3C4C2CCC5(C)C4C6CC6C57CCC(=O)O7,0,-0.10990393062766984,0.07814289443218962
32,[O][N+](=O)c1cc(ccc1C(=O)C2C(=O)CCCC2=O)C(F)(F)F,0,1.8142457048734066,0.7237637865030085
33,OC(=O)COCCN1CCN(CC1)C(c2ccccc2)c3ccc(Cl)cc3,0,-1.254438418948864,1.3252223831424625
34,CCN1C(=O)C(NC1=O)c2ccccc2,1,0.11062543938184852,1.6370914652427355
35,COc1ccc2[nH]c(nc2c1)S(=O)Cc3ncc(C)c(OC)c3C,0,-0.517702351304259,0.23401298565975098
36,c1cc2c(cc1O)C34CCCCC3(C(C2)N(CC4)CC5CCC5)O,1,0.15175777530345513,0.11174088825506155
37,CCCC(C)C1(C(=O)NC(=O)NC1=O)CC=C,1,-0.08596642040322303,-0.22251170443415952
38,CNS(=O)(=O)CC1=CC=C2NC=C(CCN(C)C)C2=C1,1,1.062618603035199,-0.722662481171393
39,CCc1cccc2c3CCOC(CC)(CC(=O)O)c3[nH]c12,0,-0.6849067190043695,-1.0156315862568521
40,Nc1ccc(cc1)S(=O)(=O)Nc2ccnn2c3ccccc3,0,0.4973722372370289,-0.8065166181103703
41,CC(C)NCCCC1(C(=O)N)c2ccccc2c3ccccc13,0,0.4287447238746951,-0.47634832279004674
42,c1ccn2c(c1)nn(c2=O)CCCN3CCN(CC3)c4cccc(c4)Cl,1,-1.9988779259287737,-0.43166446074985493
43,CCCCCCC(C)(C)c1cc(c2c(c1)OC(C3C2CC(=O)CC3)(C)C)O,1,-0.8462588812691152,-0.6626481239891316
44,COC1CC(CC(C)C2CC(=O)C(C)C=C(C)C(O)C(OC)C(=O)C(C)CC(C)C=CC=CC=C(C)C(CC3CCC(C)C(O)(O3)C(=O)C(=O)N4CCCCC4C(=O)O2)OC)CCC1O,0,0.1462315811941222,0.6647840995832205
45,CC(C)Oc1ccc2C(=O)C(=COc2c1)c3ccccc3,0,-2.4873426707632644,-2.0939501958286817
46,NC(=Nc1nc(CSCCC(=N)NS(=O)(=O)N)cs1)N,0,-0.5843771698519998,0.45974460728833316
47,CC1(CC(=O)N(C1=O)C)c2ccccc2,1,1.852411919475175,0.19204594036513073
48,CCCc1nc(c(C(=O)O)n1Cc2ccc(cc2)c3ccccc3c4nnn[nH]4)C(C)(C)O,0,-0.2906610967499483,-0.8092973596255697
49,COC(=O)C1=C(C)NC(=C(C1c2cccc3nonc23)C(=O)OC(C)C)C,0,-0.09085437410459665,-0.0696088122950276
50,CC1C(OCCN1C)c2ccccc2,1,-0.31753531752828407,1.5320874575424963
51,C[N+]1(C)CCC(C1)OC(=O)C(O)(C2CCCC2)c3ccccc3,0,0.7535580860889415,0.6427984730679485
52,COc1ccccc1OC(=O)CNC(=O)Cc2ccc(C(=O)c3ccc(C)cc3)n2C,0,-1.1471984049224249,1.8777451657249353
53,CC[N+](C)(CC)CCOC(=O)C1c2ccccc2Oc3ccccc13,0,-0.726224255821123,0.44615752511568546
54,CC1(O)CCC2C3CCC4=CC(=O)CCC4(C)C3CCC12C,0,0.15728070540413266,-1.9444973970529702
55,CN1C=CC(=O)C(=C1C)O,0,-1.9095098060463256,0.7485938583415179
56,OCC(NC(=O)C(Cl)Cl)C(O)c1ccc(cc1)[N+](=O)[O],0,-1.9536804778816543,-0.7696607117612962
57,Nc1nc(N)c2nc(c(N)nc2n1)c3ccccc3,0,-1.7589731376562485,-0.44649491133988956
58,OCCN(CC1)CCN1CC/C=C2C3=C(C=CC(C(F)(F)F)=C3)SC4=CC=CC=C4\2.Cl.Cl,1,-0.1100538108632234,-0.03289258920075608
59,C[N+]12CCC(CC1)C(C2)OC(=O)C(O)(c3ccccc3)c4ccccc4,0,1.5095416766077545,-1.2140758889880408
60,CN1c2ccc(cc2C(=NCC1=O)c3ccccc3)Cl,1,-0.7549992738680814,0.1475584394776955
61,CN1C(=O)CC(NC1=O)C(=O)NC(Cc2cnc[nH]2)C(=O)N3CCCC3C(=O)N,1,0.22076890776638,0.32129804308618054
62,CN1CCC23c4c5ccc(c4OC2C(=O)CCC3C1C5)OC,1,1.2985108303125557,-0.3392117883180429
63,CC1(c2ccccc2C(=CCCN(C)C)c3c1cccc3)C,1,-2.263687931102368,-0.4171390350065216
64,CCC(Oc1ccccc1)C(=O)NC2C3SC(C)(C)C(N3C2=O)C(=O)O,0,-1.2079369438744223,0.8294157675826752
65,OS(=O)CNc1ccc(cc1)S(=O)(=O)c2ccc(NCS(=O)O)cc2,0,1.76394166605238,-0.37787772391390534
66,CC(C)(Cc1ccccc1)N,1,-0.5120235964509395,1.189322206771078
67,NCC1CCC(CC1)C(=O)O,0,1.6680206052512931,-0.7218706633772126
68,CN1CCC(=C2c3ccccc3C=Cc4c2cccc4)CC1,1,-1.4995651140323767,-0.6013608136721528
69,NC(=O)c1ccccc1O,0,-1.0249331089391818,-0.5594802765574178
70,OCC(O)COC(=O)c1ccccc1Nc2ccnc3c(cccc23)C(F)(F)F,0,0.380380060763713,-1.2498418449680206
71,OCCN1CC(O)C(O)C(O)C1CO,0,2.938864314130166,-0.4055812575099167
72,CC(C)(C#N)c1cc(Cn2cncn2)cc(c1)C(C)(C)C#N,0,1.2996788467305722,-0.6703999002646122
73,NC(=N)NC(=O)CC1=C(Cl)C=CC=C1Cl,0,0.884228327216111,0.07583983451158778
74,CN(C)CCC(c1ccc(cc1)Br)c2ccccn2,1,0.04466362730092945,2.3709373008644383
75,Cn1cc2c3c1cccc3C4(CC(CN(C4C2)C)COC(=O)c5cc(cnc5)Br)OC,1,-0.026722076771698283,0.6777946496861863
76,CC1=C(N2C(SC1)C(NC(=O)C(N)C3=CCC=CC3)C2=O)C(=O)O,0,0.39449514039687833,0.316998839082411
77,NS(=O)(=O)c1cc2c(NC(NS2(=O)=O)C3CC4CC3C=C4)cc1Cl,0,-1.756373062327561,2.034729231593386
78,CN1CCC23c4c5ccc(c4OC2C(=O)CCC3(C1C5)O)O,1,-1.3608266837340308,0.7304236652830561
79,CC(CN1CC(=O)NC(=O)C1)N2CC(=O)NC(=O)C2,0,-1.0961110896710566,1.0345789126182041
80,CN(C)C1C2CC3C(O)c4c(Cl)ccc(O)c4C(=C3C(=O)C2(O)C(=O)C(=C(N)O)C1=O)O,0,-0.8894965172827551,0.13342345423029267
81,OCC(O)C(O)C(O)C=O,0,0.16145129860964388,-0.4666026998620473
82,OC(=N)CCCN=C(C1=CC=C(Cl)C=C1)C1=C(O)C=CC(F)=C1,1,0.5217474289319601,-1.0765219796017642
83,CCC1OC(=O)C(C)C(OC2CC(C)(OC)C(O)C(C)O2)C(C)C(OC3OC(C)CC(C3O)N(C)C)C(C)(O)CC(C)CN(C)C(C)C(O)C1(C)O,0,-1.2150917980489004,1.491860876753652
84,CCCN(CCC)S(=O)(=O)c1ccc(cc1)C(=O)O,0,1.2767065206194406,1.1131861509212801
85,NC(=N)NC(=N)NCCc1ccccc1,0,0.1204289225452885,-0.8223597276188209
86,CN(C)CCCN1c2ccccc2CCc3c1cccc3,1,-0.4638531321850436,0.7563510434913328
87,CCOc1ccc2ccccc2c1NC(=O)C3C4SC(C)(C)C(N4C3=O)C(=O)O,0,-0.150338800940437,0.4033006158301856
88,CC1C(O)CCC2(C)C1CCC3(C)C2C(O)CC4C(=C(CCC=C(C)C)C(=O)O)C(CC34C)OC(=O)C,0,1.1481588797849285,-0.13509685405739763
89,Cc1ccnc2N(C3CC3)c4ncccc4C(=O)Nc12,0,0.8082577983876029,-0.10719245157422272
90,c1ccc2[nH]c(nc2c1)c3cscn3,0,0.7414047812746484,0.15424531540775138
91,CC(c1ccccc1)(c2ccc(cc2)Cl)OCCC3CCCN3C,1,1.8821661556958478,-0.21858284537167552
92,CCc1cc(ccn1)C(=S)N,0,-0.2252103589090639,1.3149125862787212
93,CN(C)C(=O)C(CCN1CCC(O)(CC1)C1=CC=C(Cl)C=C1)(C1=CC=CC=C1)C1=CC=CC=C1,0,-0.12344788357722053,1.28563436081799
94,CC(C)NCC(O)COC1=CC=CC=C1CC=C,0,1.3438232698783725,0.46256341136038
95,CCC(=O)C(CC(C)N1CCCCC1)(c2ccccc2)c3ccccc3,1,0.45685876399251696,-0.7279505134954471
96,COc1ccc(cc1)C(=O)N2CCCC2=O,1,0.15428420740431992,-0.8757089168873725
97,COC(=O)C1CC2=CC(=O)CCC2(C)C34OC3CC5(C)C(CCC56CCC(=O)O6)C14,0,-0.06522993585821485,-1.6909769257010745
98,CC1C2Cc3ccc(cc3C1(CCN2CC=C(C)C)C)O,1,0.20127259105723533,0.05997070478560011
99,Cc1nnc(NS(=O)(=O)c2ccc(N)cc2)s1,0,-1.0691604420854488,0.22194840604866686
100,COC1C(OC(=O)N)C(O)C(Oc2ccc3C(=O)C(=C(O)Oc3c2C)NC(=O)c4ccc(O)c(CC=C(C)C)c4)OC1(C)C,0,-1.87628749141031,-0.16467198741934588
101,CCCCCCCCCCCCCCCC(=O)OCC=C(C)C=CC=C(C)C=CC1=C(C)CCCC1(C)C,0,-0.41112961659375546,-0.5717591194234841
102,CCC1(C(=O)NCNC1=O)c2ccccc2,1,-1.3246876799361103,-0.5798555233903357
103,NS(=O)(=O)c1cc(C(=O)O)c(NCc2occc2)cc1Cl,0,-0.49443059277337736,-0.1982992574110143
104,CCC(=O)N(c1ccccc1)C2(CCN(CC2)CCc3cccs3)COC,1,-0.6352851485107002,-1.020121440724986
105,Cc1cc2c(cc1C(=C)c3ccc(cc3)C(=O)O)C(C)(C)CCC2(C)C,0,1.626210440144335,0.20264018042352605
106,c1ccc2c(c1)N(c3cc(ccc3S2)C(F)(F)F)CCCN4CCN(CC4)CCO,1,-0.13296240686569272,0.13226150450324142
107,c1cc(c(cc1C(C(C(=O)O)N)O)O)O,1,-0.18622795701422,1.5584782958920598
108,Cc1cnc(cn1)C(=O)NCCc2ccc(cc2)S(=O)(=O)NC(=O)NC3CCCCC3,0,1.785940393689509,0.7489184479519689
109,CC(C)NCC(O)COC1=CC=CC2=C1C=CC=C2,0,-0.3775369626059752,1.2226344943355931
110,CCC1(O)C(=O)OCC2=C1C=C3N(Cc4cc5ccccc5nc34)C2=O,0,1.178170498137892,1.2473018246006395
111,COc1ccccc1OCCNCC(O)COc2cccc3[nH]c4ccccc4c23,0,-0.3228066102444892,-1.4464730172534348
112,CC(C)c1cc(OC(=O)C)c(C)cc1OCCN(C)C,0,0.5590078025747788,0.5096089992546452
113,CCCC1(CCc2ccccc2)CC(=C(C(CC)c3cccc(NS(=O)(=O)c4ccc(cn4)C(F)(F)F)c3)C(=O)O1)O,0,0.36429845370414404,-0.37153382772156857
114,CC(N)COC1=C(C)C=CC=C1C,0,0.8475484956443767,1.5377182689969024
115,CC1=CC(=O)Oc2c(C)c3oc(C)cc3cc12,0,-0.12619007138184835,0.28669648841029627
116,NS(=O)(=O)c1cc2c(NC(Cc3ccccc3)NS2(=O)=O)cc1C(F)(F)F,0,1.5682360042631631,-1.1468899951715912
117,Cc1ncc2C(OCc2c1O)c3ccc(Cl)cc3,0,-0.10744940640976561,-0.1474820632009507
118,NC(CCC(=O)O)C(=O)O,0,0.741250346315016,0.6529602822084791
119,CCCC1=CC(=O)NC(=S)N1,0,-0.3744970120331959,-1.1172294515928665
120,CC1(O)CCC2C3CCC4Cc5[nH]ncc5CC4(C)C3CCC12C,0,0.8667058385037368,-0.729031238219472
121,OCC1CCC(O1)n2cnc3C(=O)NC=Nc23,0,0.40723948098048407,0.5292116074831571
122,OC[C@@H](O)[C@@H](O)[C@H](O)[C@H](O)CO,0,-0.2559708720867439,-2.4994648025658086
123,CCCC1CC(N(C)C1)C(=O)NC(C(C)O)C2OC(SC)C(O)C(O)C2O,0,0.07592778232292419,-1.851085703827944
124,COCCCC/C(=N\OCCN)/c1ccc(cc1)C(F)(F)F,1,-1.007172307821993,0.43233256659108393
125,CC1OC(CC(N)C1O)OC2CC(O)(Cc3c(O)c4C(=O)c5ccccc5C(=O)c4c(O)c23)C(=O)C,0,1.0745754235574556,-0.5060535503305296
126,Cc1cc(cc(c1)OCC2CNC(=O)O2)C,1,0.8104093599621099,0.2223198220449757
127,C[C@]12C[C@H](O)[C@H]3[C@@H](CCC4=CC(=O)CC[C@@]43C)[C@@H]1CC[C@]2(O)C(=O)CO,0,-0.5125221940812966,0.9985067186299426
128,c1ccc2c(c1)C=Cc3ccccc3N2CCCN4CCN(CC4)CCO,1,-1.1679787466908584,0.5808554875130474
129,CN(C)CC/C=C/1\c2ccccc2CSc3c1cccc3,1,0.10570931109179946,1.8583113462131557
130,CCOC(=O)C(CCc1ccccc1)NC(C)C(=O)N2Cc3ccccc3CC2C(=O)O,0,0.7829155863676999,2.5935081857849
131,OC(CNCCCCCCNCC(O)c1ccc(O)c(O)c1)c2ccc(O)c(O)c2,0,-1.0380137003833765,-0.5102340945440274
132,CCN1N=C(C(=O)O)C(=O)c2cc3OCOc3cc12,0,0.2856072480820776,1.999647494343411
133,ClC1=CC2=C(C=C1)N(C1CCN(CCCN3C(=O)NC4=CC=CC=C34)CC1)C(=O)N2,0,-0.5352805163104732,-1.8040257996425775
134,COc1ccc(cc1O)C2=CC(=O)c3c(O)cc(OC4OC(COC5OC(C)C(O)C(O)C5O)C(O)C(O)C4O)cc3O2,0,2.275549778047654,-1.820489066557387
135,C/N=C\1/CN(C(=c2cc(ccc2=N1)Cl)c3ccccc3)O,1,-1.4805673865234237,-0.7101369646763113
136,CCCCC(CC)CNC(=O)CC(C)O,1,0.6393843824274466,0.7418051327514166
137,COc1ccnc(CS(=O)c2nc3cc(OC(F)F)ccc3[nH]2)c1OC,0,-0.5610600109900135,-0.014969046544495672
138,CCC1(CCCCN(C1)C)c2cccc(c2)O,1,1.0028635022234134,-0.017455747444925177
139,CN1CCN(CC1)C2=Nc3cc(ccc3Nc4c2cccc4)Cl,1,-0.7122375764027113,0.35582345983761643
140,CN1c2ccc(cc2C(NCC1=O)C3=CCCCC3)Cl,1,-0.0371900630108782,-0.0020640153526302915
141,CC(C)C(C)C=CC(C)C1CCC2C(=CC=C3CC(O)CCC3C)CCCC12C,0,-0.7233710948215968,0.7199931681240718
142,CCOC(=O)C(CCc1ccccc1)NC(C)C(=O)N2CCCC2C(=O)O,0,0.34283755001678207,0.6695677244599509
143,CC(C)(C)C(/C=C/c1ccc2c(c1)OCO2)O,1,0.32904997445964257,1.6853549067064666
144,OC(=O)Cc1ccc(OCC=C)c(Cl)c1,0,0.4493768056373184,0.8116979338348782
145,Cc1nnc2n1c3ccc(cc3C(=NC2)c4ccccc4)Cl,1,-1.1715549425564848,-1.007007608883413
146,CN(C)Cc1nnc2n1c3ccc(cc3C(=NC2)c4ccccc4)Cl,1,1.2654817901576383,-0.5490302750629522
147,CN(C)CCOC(C1=CC=CC=C1)C1=CC=CC=C1C,1,-0.9489364362517647,1.535277180001758
148,CCSc1ccc2c(c1)N(c3ccccc3S2)CCCN4CCN(CC4)C,1,-0.3072200671380027,1.076739005319957
149,CC(COc1ccccc1)NC(C)C(O)c2ccc(O)cc2,0,-0.7047747993037434,-0.6175463159947606
150,CC1CS(=O)(=O)CCN1N=Cc2oc(cc2)[N+](=O)[O],0,-0.3281405148020944,-0.3457484494430247
151,CCNCC(O)c1cccc(O)c1,0,0.1995275520197793,-0.07302577499660431
152,[H][C@]12SCC(CSC3=NC(=O)C(=O)NN3C)=C(N1C(=O)[C@H]2NC(=O)C(=N/OC)\C1=CSC(N)=N1)C(O)=O,0,1.2024205602614946,-0.6598310523600113
153,CN(C)CCC=C1c2ccccc2C=Cc3c1cccc3,1,-0.9685902335346316,-1.5228251495862988
154,CC1CC2C3CCC4=CC(=O)C=CC4(C3(C(CC2(C1(C(=O)CO)O)C)O)F)C,1,0.3842775957359187,-1.1705304214317949
155,c1ccc(cc1)C(CCN2CCCC2)(C3CCCCC3)O,1,-1.382957361082272,0.20244291697202632
156,Oc1ccc2c(Oc3cc(O)ccc3C24OC(=O)c5ccccc45)c1,0,0.45019113822766416,-0.7753588194840997
157,c1ccc(c(c1)C2=NCC(=O)N(c3c2cc(cc3)Cl)CC4CC4)F,1,-0.8283618606018857,-0.786914808647031
158,NS(=O)(=O)c1cc(Cl)c(Cl)c(c1)S(=O)(=O)N,0,-1.5328942281887383,0.32545094982759964
159,Cc1ccc(cc1)S(=O)(=O)NC(=O)NN2CCCCCC2,0,-0.4628624385632674,-1.0042668284099958
160,c1ccc(c(c1)C2=NCC(=O)Nc3c2cc(cc3)Cl)Cl,1,-0.22372156316259958,0.6997387289864084
161,CC(C)(CO)C(O)C(=O)NCCC(=O)O,0,-0.4534076783258831,-0.5731160564690698
162,CC1OC(OC2C(O)C(O)C(OC3C(O)C(O)C(O)OC3CO)OC2CO)C(O)C(O)C1NC4C=C(CO)C(O)C(O)C4O,0,-1.263705793225598,-0.017881247673325187
163,Cc1c(c(=O)n2ccsc2n1)CCN3CCC(=C(c4ccc(cc4)F)c5ccc(cc5)F)CC3,1,0.5463999328183787,0.6799940992302875
164,CCOC(=O)C1(CCN(CC1)CCc2ccc(cc2)N)c3ccccc3,1,-1.082213719645021,-0.9326805280861497
165,COc1ccc(Cl)cc1C(=O)NCCc2ccc(cc2)S(=O)(=O)NC(=O)NC3CCCCC3,0,0.26413718396204666,-0.21827485980139738
166,CCC1(C(=O)NC(=O)NC1=O)C1=CCCCC1,1,-0.22101898544469,-0.6337743518383806
167,CC(=O)CC(C1=C(O)Oc2ccccc2C1=O)c3ccc(cc3)[N+](=O)[O],0,-0.16646823452098292,0.48705516287672945
168,COC(=O)C(c1ccccc1)C2CCCCN2,1,-0.21550377367878426,0.8277210075518301
169,CN1CCN(CC1)C(=O)OC2c3c(nccn3)C(=O)N2c4ccc(cn4)Cl,1,-1.4447848650946156,0.70422937548771
170,CC(CN1CCOCC1)C(c2ccccc2)(c3ccccc3)C(=O)N4CCCC4,1,-1.9123555884914079,1.7995811195757667
171,c1ccc(cc1)C2=NC(C(=O)Nc3c2cc(cc3)Cl)O,1,-1.374869980687663,0.16023699464038027
172,Cc1ccccc1OC(CCNC)c2ccccc2,1,-0.5859771670663345,-0.9674214971978983
173,CN(C)C1C2CC3C(=C(O)C2(O)C(=O)C(=C1O)C(=O)N)C(=O)c4c(O)cccc4C3(C)O,0,-0.9519233851280249,-0.0396352021097223
174,CC(C)CN(CC(O)C(Cc1ccccc1)NC(=O)OC2CCOC2)S(=O)(=O)c3ccc(N)cc3,0,0.6184470373749065,-1.0463920425573072
175,COc1cnc(NS(=O)(=O)c2ccc(N)cc2)nc1,0,0.310604349718745,0.2999327360985275
176,Cc1cccc(Nc2ccccc2C(=O)O)c1C,0,0.30955936431891373,2.5763049582740924
177,CCC1=C(C)CN(C(=O)NCCc2ccc(cc2)S(=O)(=O)NC(=O)NC3CCC(C)CC3)C1=O,0,-0.55016198736379,1.8237967483490591
178,CC(C)(C(=O)c1cccnc1)c2cccnc2,0,-0.015668097394125377,0.5916868817405126
179,COC1=C(OC)C=C(CCN(C)CCCC(C#N)(C(C)C)C2=CC(OC)=C(OC)C=C2)C=C1,0,-0.4361487202597504,0.8868222516568449
180,c1ccc(cc1)C2(C(=O)NC(=O)N2)c3ccccc3,1,-1.5088258411155666,-0.7070928806325278
181,NCCCCCC(=O)O,0,0.747957502450592,-0.8706867423687371
182,NCCNCCNCCN,0,0.7830479744769616,0.23697529171875234
183,CCOC(=O)C1=C(COCCN)NC(=C(C1c2ccccc2Cl)C(=O)OC)C,0,0.9523953056278506,1.3102413821323626
184,CN(C)C(=O)Oc1cccc(c1)[N+](C)(C)C,0,0.39409428379803524,-0.460463945265993
185,OC(C1CCCCN1)c2cc(nc3c(cccc23)C(F)(F)F)C(F)(F)F,0,-0.6027620107819749,-0.3173140034224131
186,c1ccc(c(c1)C2=NCC(=S)N(c3c2cc(cc3)Cl)CC(F)(F)F)F,1,-0.163688482579946,-0.5983813678024047
187,CC(CN1c2ccccc2Sc3c1cccc3)CN(C)C,1,-1.1375052876725968,1.275529657692284
188,CC12CC(O)C3C(CCC4=CC(=O)C=CC34C)C1CCC2(O)C(=O)CO,0,-1.9193796815317847,-1.4691580846067571
189,CCC(=O)N(c1ccccc1)C2(CCN(CC2)CCn3c(=O)n(nn3)CC)COC,1,0.3046228400918342,0.06353233919332375
190,Oc1ccc(Cl)cc1C(=O)Nc2ccc(cc2Cl)[N+](=O)[O],0,-0.5982996527478511,-1.1809967677585693
191,CCCCN(CCCC)CCC(O)c1cc2c(Cl)cc(Cl)cc2c3cc(ccc13)C(F)(F)F,0,-0.9555231901031844,-1.6966195917760944
192,[H]\C(CN1CCCC1)=C(\C1=CC=C(C)C=C1)C1=CC=CC(=N1)C(\[H])=C(/[H])C(O)=O,0,0.31706938582745997,-1.5050439008246914
193,CC(C)(C)c1cc(SC(C)(C)Sc2cc(c(O)c(c2)C(C)(C)C)C(C)(C)C)cc(c1O)C(C)(C)C,0,-0.3970661484152199,-0.2751175072134955
194,OCC(O)C1OC(=O)C(=C1O)O,0,-1.1501348165745169,1.2827652540644785
195,CC(=O)CC(C1=C(O)c2ccccc2OC1=O)c3ccccc3,0,-0.37748613024206984,0.16137733762242315
196,CC(O)(P(=O)(O)O)P(=O)(O)O,0,1.0530951713297811,0.8689822344002752
197,CC(C)NCCCNC(=O)Nc1c(C)cccc1C,0,-1.9288087610087905,1.4321635807709623
198,CC12CCC3C(CCC4=CC(=O)C=CC34C)C1CCC(=O)O2,0,-0.060787943117484644,1.2117293223689176
199,CCN(CC)CC(=O)NC1=C(C)C=CC=C1C,0,-1.9976092084219608,2.299503436834314
200,CC(C)NCC(O)COc1ccc(CCOCC2CC2)cc1,0,-1.6531566714921127,0.997142711357184
201,[H]C(CCN(C)C)=C1C2=CC=CC=C2COC2=CC=CC=C12,1,0.08533148446641144,0.7637844154040432
202,CC(=O)NC1=CC=C(O)C=C1,0,0.29108229134988906,0.6131514940718007
203,CC(C)Nc1cccnc1N2CCN(CC2)C(=O)c3cc4cc(NS(=O)(=O)C)ccc4[nH]3,0,-1.9673041286652928,-1.9216888386919961
204,CS(=O)(=O)OCC(O)C(O)COS(=O)(=O)C,0,-0.2685654991433171,0.8707718156274964
205,O=C1CCc2cc(OCCCCc3nnnn3C4CCCCC4)ccc2N1,0,-1.3399498717139517,1.0994158212963379
206,Nc1nc2ccc(OC(F)(F)F)cc2s1,0,0.6695839137436008,0.4331294925114959
207,CCC1=CC=CC2=C1OC(=C2)C(O)CNC(C)(C)C,0,0.4816922598682441,-0.06368418314062495
208,CN1C2CCC1CC(C2)OC(=O)c3c[nH]c4c3cccc4,1,1.2888482063782538,0.42102150502022223
209,OCCN1CCN(CCCN2C3=CC=CC=C3SC3=C2C=C(Cl)C=C3)CC1,1,-0.49521369369239027,0.4416688042287081
210,c1cc(ccc1C(CCCN2CCC(CC2)(c3ccc(c(c3)C(F)(F)F)Cl)O)c4ccc(cc4)F)F,1,-1.9825058767940453,1.5166619240231023
211,c1ccc2c(c1)/C(=C\CCN3CCN(CC3)CCO)/c4cc(ccc4S2)Cl,1,0.30485355092582284,-0.09487420655842861
212,Cc1ccc(cc1)C(=O)c2ccc(CC(=O)O)n2C,0,0.31172156848637067,0.3476713881916493
213,Cc1cc(CC(=O)O)n(C)c1C(=O)c2ccc(Cl)cc2,0,0.4568433232388683,0.19487811316665168
214,NCCCC(O)(P(=O)(O)O)P(=O)(O)O,0,-0.26503315034350255,0.4745167581993999
215,c1cc(ccc1C(=O)CCCN2CCC(CC2)(c3ccc(cc3)Cl)O)F,1,-0.0528497204190423,-1.7581599837154165
216,NC1=Nc2c(ncn2COC(CO)CO)C(=O)N1,0,1.0365161294031786,0.9170729692525144
217,CN1C2CCC1C(C(C2)OC(=O)c3ccccc3)C(=O)OC,1,-0.1476154083160229,-0.14011086461082845
218,CC(C)NCC(COc1cccc2c1cccc2)O,1,0.2605423445025012,-0.5575132896250415
219,c1cc(c(cc1CC(C(=O)O)N)O)O,1,-1.6741424837977574,0.23419918987131325
220,CC12CCC3C(CCc4cc(OC(=O)N(CCCl)CCCl)ccc34)C1CCC2O,0,0.8417730750873039,-0.8008676364857639
221,CC(C)(C)C(C)(C1CC23CCC1(C4C25CCN(C3Cc6c5c(c(cc6)O)O4)CC7CC7)OC)O,1,0.9926867600445161,0.12343869117467265
222,c1ccc(c(c1)CC(=O)O)Nc2c(cccc2Cl)Cl,1,0.02441762571756359,-0.7431142041811301
223,OP(=O)(O)OCC(Cl)(Cl)Cl,0,-0.091880503395508,-1.6802572284337551
224,CN(C)CC/C=C\1/c2ccccc2Sc3c1cc(cc3)Cl,1,-0.6387026277678779,1.1158698945609333
225,[O][N+](=O)c1oc(C=NN2CCOC2=O)cc1,0,-1.18150309694881,0.02586604009429228
226,CN1C(=C(O)c2ccccc2S1(=O)=O)C(=O)Nc3cc(C)on3,0,2.150240932581578,-0.33551021831207956
227,OC(=O)c1ccc(NC(=O)C(Cc2ccc(O)cc2)NC(=O)c3ccccc3)cc1,0,0.6319023327946506,0.16592148262293266
228,CCC(=O)C(CC(C)N(C)C)(C1=CC=CC=C1)C1=CC=CC=C1,1,1.6986577955149225,-1.179683230436528
229,COc1ccc(cc1)C2C(=O)c3ccccc3C2=O,0,-0.4278714635912746,0.2515279115536633
230,CCOC(=O)OC(C)OC(=O)C1N2C(SC1(C)C)C(NC(=O)C(N)c3ccccc3)C2=O,0,-2.108574653210619,-0.48938461863889143
231,NC(CSCC(=O)O)C(=O)O,0,-0.5477019423876425,0.9929603052112861
232,Clc1ccccc1C(c2ccccc2)(c3ccccc3)n4ccnc4,0,2.3222345579658,0.4428254483177452
233,CNC1CCc2[nH]c3ccc(cc3c2C1)C(=O)N,0,-0.13421212001344332,0.3460107945082961
234,c1cc(ccc1C(=O)CCCN2CCC(CC2)(c3ccc(cc3)Br)O)F,1,-1.6155834312279003,-0.4634535918823249
235,CN(Cc1cnc2nc(N)nc(N)c2n1)c3ccc(cc3)C(=O)NC(CCC(=O)O)C(=O)O,0,-2.002277425519246,-0.0057599695725662385
236,CN(Cc1cc(Br)cc(Br)c1N)C2CCCCC2,0,-0.47655436252625627,-0.1509405912838908
237,OC(=O)c1cccnc1,0,0.8328854445590271,1.4834654914677894
238,CN1CCN(CC1)CC/C=C/2\c3ccccc3Sc4c2cc(cc4)S(=O)(=O)N(C)C,1,-0.17398317296866195,0.8578643607262643
239,Cc1onc(c2ccccc2Cl)c1C(=O)NC3C4SC(C)(C)C(N4C3=O)C(=O)O,0,-0.7279227816111435,0.9766055569984076
240,CSc1ccc2ncn(/C=C/C(=O)O)c(=O)c2c1,0,1.8186124228395915,-0.8426678558296845
241,CN1CCN(CC1)CCCN2c3ccccc3Sc4c2cc(cc4)Cl,1,0.21382952682255935,-1.04232590270359
242,CC(C)(C)NCC(O)C1=CC(CO)=C(O)C=C1,0,-2.4330494781755982,1.9835708370957494
243,OC(=O)C1=CC(=CC=C1O)\N=N\C1=CC=C(O)C(=C1)C(O)=O,0,-1.5578015729114638,0.5079639693750108
244,CNCCC=C1c2ccccc2CCc2ccccc21,1,1.6146741654577494,1.0100084523998665
245,CC12CCC3C(CCc4cc(OS(=O)(=O)O)ccc34)C1CCC2=O,0,-0.9682151699058451,-1.4572011215994913
246,COC(=O)C1=C(C)NC(=C(C1c2cccc(c2)[N+](=O)[O])C(=O)OCCN(C)Cc3ccccc3)C,0,1.4453371765291683,-0.16050961758870896
247,CCOC(=O)C1(CCN(CC1)C)c2ccccc2,1,0.5404250081208647,0.8496671024574397
248,Cn1c(C=Cc2ccnc(N)n2)ncc1[N+](=O)[O],0,1.4236048865578237,-0.4929398288901602
249,CCC1NC(=O)c2cc(c(Cl)cc2N1)S(=O)(=O)N,0,0.14132925890441947,0.551496984593859
250,c1ccc(cc1)/C=C/CN2CCN(CC2)C(c3ccc(cc3)F)c4ccc(cc4)F,1,-0.868590316784651,-0.29460901886122504
251,CCCCc1nc(Cl)c(CO)n1Cc2ccc(cc2)c3ccccc3c4nnn[nH]4,0,1.3129120599034696,-1.2603591664325688
252,CCCNC(=O)NS(=O)(=O)c1ccc(Cl)cc1,0,-0.7715907265100995,0.35162057152130505
253,CC(C)C(C)C=CC(C)C1CCC2C(=CC=C3CC(O)CCC3=C)CCCC12C,0,0.9118756852123331,0.29715405583811555
254,CC(=O)Oc1ccccc1C(=O)Nc2ncc(s2)[N+](=O)[O],0,0.8695543490727105,0.3798343104027219
255,CCCC(=O)Nc1c(I)cc(I)c(CC(CC)C(=O)O)c1I,0,0.6021255861407495,1.9397756843054574
256,CCCN1C(=O)NC(=O)c2[nH]cnc12,0,0.3144913302446363,-0.17960194760996803
257,CC12CCC3C(CCc4cc(O)ccc34)C1CCC2(O)C#C,0,2.3822407336164355,-1.7193305638985712
258,CN(C)CCOC1=Cc2cc(ccc2Sc3c1cccc3)Cl,1,0.15348673132481103,-2.0263506525573223
259,c1cc(ccc1C2CCNCC2COc3ccc4c(c3)OCO4)F,1,-0.6749075626149056,1.6188439070346856
260,Clc1ccccc1CN2CCc3sccc3C2,0,-0.6119061132108555,0.8054673266419313
261,CC(C)CCCC(C)C1CCC2C(=CC=C3CC(O)CC(O)C3=C)CCCC12C,0,-2.067025951001976,0.3892943222866616
262,CN1C2CC(CC1C3C2O3)OC(=O)C(CO)c4ccccc4,1,0.17750377187752592,-0.8593104183582928
263,OC(=O)C1=CN(C2CC2)c3cc(N4CCNCC4)c(F)cc3C1=O,0,0.5467020131870431,0.6646854283325653
264,CC(Cc1ccc(O)cc1)NCC(O)c2cc(O)cc(O)c2,0,1.8180144047549627,0.2680397199860111
265,CCOC(=O)C(CCc1ccccc1)NC(C)C(=O)N2Cc3cc(OC)c(OC)cc3CC2C(=O)O,0,-0.37832364099146915,-0.30443786803456385
266,CN(C)CCC(C1=CC=CC=C1)C1=CC=CC=N1,0,1.528498405243337,-1.6440176408224512
267,c1cc(c(c(c1)Cl)Cl)N2CCN(CC2)CCCCOc3ccc4c(c3)NC(=O)CC4,1,1.1190326838224738,1.2557913836074255
268,CCCC(=O)Nc1ccc(OCC(O)CNC(C)C)c(c1)C(=O)C,0,0.1552751202170053,-0.2749582794893721
269,CC1(C(=O)N(C(=O)O1)C)C,1,0.2207635320196964,0.5464118843661477
270,CCN(CC)C(=O)/C(=C/c1cc(c(c(c1)O)O)[N+](=O)[O])/C#N,1,-1.1258567186608748,0.6874075342404047
271,CCCCCCCCCCCC(CC1OC(=O)C1CCCCCC)OC(=O)C(CC(C)C)NC=O,0,1.6022267134551682,1.4052309362613666
272,CN(C)c1ccc2c(ccc(C=Cc3cc(C)n(c3C)c4ccccc4)[n+]2C)c1,0,-0.7958244234009005,0.7351240221287149
273,CN(C)CCN(Cc1ccc(cc1)OC)c2ccccn2,1,-0.2061309616097903,1.2199243610155877
274,Cc1ccc(Cl)c(Nc2ccccc2C(=O)O)c1Cl,0,1.8956120034739847,-1.0567107891972913
275,CCCc1nn(C)c2C(=O)NC(=Nc12)c3cc(ccc3OCC)S(=O)(=O)N4CCN(C)CC4,0,-0.9752533983805887,-0.709261151276817
276,CC(NCCc1ccc(O)cc1)C(O)c2ccc(O)cc2,0,0.2734145715996462,0.10527140617313009
277,CC1Cc2ccccc2N1NC(=O)c3ccc(Cl)c(c3)S(=O)(=O)N,0,0.16891484206943255,-0.13304734939266125
278,Cc1onc(c1)C(=O)NCCc2ccc(cc2)S(=O)(=O)NC(=O)NN3CCCCCC3,0,0.5505115027348157,-0.07824242117952114
279,CCC(C)C1(C(=O)NC(=O)NC1=O)CC,1,0.7354017193348665,0.25275363181374294
280,CC1C(CCN1Cc2ccccc2)NC(=O)c3cc(c(cc3OC)NC)Cl,1,0.20657139982926365,0.20912570993427174
281,Cc1ccsc1C(=CCCN2CCCC(C2)C(=O)O)c3c(ccs3)C,1,0.05420557061311314,-0.9320577053544058
282,COc1cc(C)c(C=CC(=CC=CC(=CC(=O)O)C)C)c(C)c1C,0,0.5932684861049081,0.8062420029127052
283,COc1c(C)c2COC(=O)c2c(O)c1CC=C(C)CCC(=O)O,0,-1.1337111673911746,0.046939364134677926
284,OCC(O)C(OC1OC(CO)C(O)C(O)C1O)C(O)C(=O)CO,0,0.5410070426836274,-1.7946805466761762
285,COc1ccc(CCN2CCC(CC2)Nc3nc4ccccc4n3Cc5ccc(F)cc5)cc1,0,0.4056618286327992,0.11384775836227878
286,CC(CN(C(=O)C)c1c(I)cc(I)c(N)c1I)C(=O)O,0,-0.07850772620543962,0.16918990866915448
287,CCS(=O)(=O)CCn1c(C)ncc1[N+](=O)[O],0,1.1619592056029193,1.7160517607771069
288,Cc1cccc(c1C)C(C)c2c[nH]cn2,1,-0.6569861290805274,0.18794434215040506
289,CC(C)NCC(O)COc1ccc(COCCOC(C)C)cc1,0,-0.7204276604694952,0.1612138333001998
290,CC12CCC3C(CCC45OC4C(=C(CC35C)C#N)O)C1CCC2O,0,0.10014356555041622,1.142689002982129
291,CN(C)CC1CCCCC1(c2cccc(c2)OC)O,1,-0.7496580127417765,1.4755930030518936
292,CCCc1nc(C)c2C(=O)NC(=Nn12)c3cc(ccc3OCC)S(=O)(=O)N4CCN(CC)CC4,0,-1.4467993097434213,-0.12380365289265596
293,Nc1ccc(C(=O)O)c(O)c1,0,-1.1578612523803593,1.1776664547342617
294,CCN1CCCC1CNC(=O)c2c(ccc(c2OC)Br)OC,1,-1.5148915262586449,1.361895161288349
295,c1ccc2c(c1)c(c3c(n2)CCCC3)N,1,-0.27586185075754294,2.149951934020744
296,CCN(CC)CCOCCOC(=O)C1(CCCC1)c2ccccc2,0,2.012868748686891,-0.293026986920617
297,CC1=C(Oc2c(cccc2C1=O)C(=O)OCCN3CCCCC3)c4ccccc4,0,0.8269213589760636,0.0017291110360371325
298,OC(=O)COC(=O)Cc1ccccc1Nc2c(Cl)cccc2Cl,0,0.7110255018547078,0.9975201957782649
299,CCCCCN(C)CCC(O)(P(=O)(O)O)P(=O)(O)O,0,-0.49210567798208776,0.44143634039145196
300,CCN(CC)CCN1C2=C(C=C(Cl)C=C2)C(=NCC1=O)C1=CC=CC=C1F,1,-0.30759241125274245,-0.07107830619559358
301,CN1c2ccccc2C(c3ccc(cc3S1(=O)=O)Cl)NCCCCCCC(=O)O,1,1.1244338385726402,-1.3122048251415828
302,[H][C@@]12OC3=C(O)C=CC4=C3[C@@]11CCN(CC3CC3)[C@]([H])(C4)[C@]1(O)CCC2=O,1,0.18379544590551972,0.2201029485540898
303,CCCC(C)(COC(N)=O)COC(N)=O,1,-0.07476727520302198,1.3636472096135572
304,CN1c2ccccc2C(=O)N(c3c1cccc3)CCN(C)C,1,1.0996946422744018,1.2314458616230586
305,CNCCC(c1ccccc1)Oc2ccc(cc2)C(F)(F)F,1,1.0676335216442037,0.0883504213936087
306,Cn1cnc2c1c(=O)n(c(=O)n2C)C,1,0.5416386851989399,-0.8577372830281549
307,CCOC(=O)C(CCc1ccccc1)NC(C)C(=O)N2CC3(CC2C(=O)O)SCCS3,0,0.11985678370488459,3.1565617932385526
308,CN(C)CCCN1c2ccccc2Sc3c1cc(cc3)C(F)(F)F,1,-1.8508051269912627,-1.1017075164253913
309,CN1CCC(=C2c3ccccc3CCc4c2ccs4)CC1,1,-1.2798244203709894,-0.8490490843341059
310,C1CN2CC(N=C2S1)c3ccccc3,0,-0.050762731650392745,-0.4534511840503591
311,CCC(C)C(=O)OC1CC(C)C=C2C=CC(C)C(CCC3CC(O)CC(=O)O3)C12,0,1.092544284442154,0.8129964555915973
312,CC(C)COCC(CN(Cc1ccccc1)c2ccccc2)N3CCCC3,0,0.3041248090820563,1.512185337762098
313,COc1cc2c(cc1OC)C(=O)C(C2)CC3CCN(CC3)Cc4ccccc4,1,1.3505332478683676,0.2612536192469644
314,CC(C(c1ccccc1)O)NC,1,-1.336275911174456,1.188066357610181
315,COc1ccc(OC)c(Cc2cnc3nc(N)nc(N)c3c2C)c1,0,-1.1094280844906388,-0.9117855465948572
316,c1ccc2c(c1)[nH]c(=O)n2C3=CCN(CC3)CCCC(=O)c4ccc(cc4)F,1,0.2881944003924955,1.3104912235222699
317,Cc1ccc(cc1)c2cc(nn2c3ccc(cc3)S(=O)(=O)N)C(F)(F)F,0,0.24334638484829615,0.7955434383484481
318,CC(C)(C)NCC(O)c1cc(Cl)c(N)c(Cl)c1,0,0.07842196484102541,1.8577000866733235
319,OC(=O)c1cc(ccc1O)c2ccc(F)cc2F,0,0.42393375705530917,0.9131694403632497
320,CC1=CN(C2OC(CO)C=C2)C(=O)NC1=O,0,-0.4424234444918919,1.0887696237704316
321,NC(=O)c1ncn(n1)C2OC(CO)C(O)C2O,0,0.6779167033958718,0.8813904014022923
322,CCCCNC(=O)NS(=O)(=O)c1ccc(C)cc1,0,0.30464605376558984,0.1940268958276992
323,CC1(C)SC2C(NC(=O)C(N)c3ccccc3)C(=O)N2C1C(=O)O,0,-0.061104075711490916,-0.6322900392975607
324,Cn1c2c(c(=O)n(c1=O)C)[nH]cn2,1,1.1453279412438586,1.7042086603146183
325,c1ccc2c(c1)c(c[nH]2)C(=O)OC3CC4CC5CC(C3)N4CC5=O,1,-0.9855271254297538,0.8152149099172121
326,CN(CS(=O)(=O)O)C1=C(C)N(C)N(C1=O)c2ccccc2,0,1.9534982152656495,0.3163368949600604
327,Cn1c2ccccc2c(n1)C(=O)NC3CC4CCCC(C3)N4C,1,-1.6048151132229789,-0.2267088881644235
328,CCOC(=O)Nc1ccc(nc1N)NCc2ccc(cc2)F,1,-0.8043298595493302,2.154228994552842
329,Fc1ccc(cc1)C(N2CCN(CC2)c3nc(NCC=C)nc(NCC=C)n3)c4ccc(F)cc4,0,-1.8266481811404842,1.216044098217607
330,Cc1c(Cl)cccc1Nc2ncccc2C(=O)O,0,-1.0267190141005642,-0.2926110318915903
331,c1c(scn1)CCCl,1,0.3691010462204225,0.9433587399431624
332,CCOC(=O)C(CCc1ccccc1)NC2CCCN3CCCC(N3C2=O)C(=O)O,0,0.9986602909556184,1.2085486603876086
333,OCCOCCN1CCN(CC1)C(C1=CC=CC=C1)C1=CC=C(Cl)C=C1,1,1.0820407553869378,-1.9863167772405752
334,CN1CCC(CC1)OC(c2ccccc2)c3ccccc3,1,-0.510886686408884,0.6112417450450677
335,CCCC(CCC)C(=O)O,1,0.13406692104656717,0.29336413756634705
336,OC(=O)CN(CCN(CC(=O)O)CC(=O)O)CC(=O)O,0,0.1604032003305063,-1.4985788347917497
337,CC12Cc3cnoc3C=C1CCC4C2CCC5(C)C4CCC5(O)C#C,0,1.5763026453918236,2.565131206793855
338,CC(C(=O)O)c1ccc2oc(nc2c1)c3ccc(Cl)cc3,0,-0.13359588076825543,0.3053389406117152
339,Nc1ccc(cc1)S(=O)(=O)c2ccc(N)cc2,0,-1.012571679095826,-0.7005839005691658
340,CN1CCN(CC(=O)N2C3=CC=CC=C3C(=O)NC3=C2N=CC=C3)CC1,0,-0.5030564952973376,-0.37293047279584696
341,CC(=O)Nc1ccc(C=NNC(=S)N)cc1,0,-0.6552385938035274,-1.1172046668694473
342,C=CCN1CCC23CCCCC2C1Cc4c3cc(cc4)O,1,0.8988953216500026,1.4366181958136954
343,[O][N+](=O)OCCNC(=O)c1cccnc1,0,-1.9509589127145115,0.6297226838027039
344,CCOC(=O)C1(CCC=CC1N(C)C)c2ccccc2,1,2.490458287701411,1.3804067731693408
345,CON=C(C(=O)NC1C2SCC(=C(N2C1=O)C(=O)OCOC(=O)C(C)(C)C)C=Cc3scnc3C)c4csc(N)n4,0,-0.445272960793126,1.298091139223673
346,CN1CCCC(C1)CC2c3ccccc3Sc4c2cccc4,1,0.11275790346565448,0.04643041715198055
347,CCN(CC)CCCC(C)Nc1ccnc2cc(Cl)ccc12,0,-1.6801119252034125,0.7652271746491984
348,CCC1(C(=O)NC(=O)NC1=O)CCC(C)C,1,-2.476667389537128,0.3024197090526908
349,CC(C)(C)NCC(O)c1onc(Br)c1,0,-0.050030789541875405,-0.5798084168716952
350,CCOC(=O)C1(CCN(CC1)CCC(c2ccccc2)O)c3ccccc3,1,-1.352122791068731,1.3451924945261182
351,Oc1ccc(cc1)c2sc3cc(O)ccc3c2C(=O)c4ccc(OCCN5CCCCC5)cc4,0,0.9024849257659542,0.0719786344808446
352,CC(c1ccccc1)(c2ccccn2)OCCN(C)C,1,0.26474306260106134,0.2441483268499283
353,Fc1ccc2OCCC3(NC(=O)NC3=O)c2c1,0,-0.1683270745125738,1.2395609578797906
354,CC(=O)OCC(CCn1cnc2cnc(N)nc12)COC(=O)C,0,-0.47556894197307287,-1.1355057270313171
355,OC(=O)c1cccnc1Nc2cccc(c2)C(F)(F)F,0,0.9304236731152549,-1.9114745026771567
356,CN1c2ccc(cc2C(=NC(C1=O)O)c3ccccc3)Cl,1,-1.530880218408358,0.1452335252748571
357,OC1=C(C2CCC(CC2)c3ccc(Cl)cc3)C(=O)c4ccccc4C1=O,0,1.3830331279277726,0.7654049524645817
358,CN(C)CCCN1c2ccccc2Sc3c1cccc3,1,-0.09656715612851166,-0.33281258273749026
359,COc1cc2nc(nc(N)c2cc1OC)N3CCN(CC3)C(=O)C4CCCO4,0,-1.4419606953269393,0.7431807472581196
360,CNC(=NCCSCc1nc[nH]c1C)NC#N,0,-0.11743044244323782,0.7139216211171682
361,CCC1OC(=O)C(C)C(OC2CC(C)(OC)C(O)C(C)O2)C(C)C(OC3OC(C)CC(C3O)N(C)C)C(C)(O)CC(C)C(=O)C(C)C(O)C1(C)O,0,-1.362423520471125,0.4962283210726057
362,CC(Cc1ccccc1)N(C)CC#C,1,-0.5006407189375588,0.20883378949707831
363,CN(C)CCCN1C2=CC=CC=C2CCC2=CC=CC=C12,1,0.2952134559611186,0.4807894623580212
364,CC12CCC3C(CCC4=C(O)C(=O)CCC34C)C1CCC2=O,0,0.1788458674963714,-0.692207605593159
365,CON=C(C(=O)NC1C2SCC(=C(N2C1=O)C(=O)O)C=Cc3scnc3C)c4csc(N)n4,0,0.05578570099067496,-0.42437677127152507
366,CN1C(=C(O)c2sccc2S1(=O)=O)C(=O)Nc3ccccn3,0,0.12094945324748733,-0.7730257047804119
367,CN1CCC23c4c5ccc(c4OC2C(=O)CCC3(C1C5)O)OC,1,-0.8427353372979322,-0.6923439111810339
368,COCCC1=CC=C(OCC(O)CNC(C)C)C=C1,0,0.10298486844838885,1.3123870466181133
369,COc1cc2nc(nc(N)c2cc1OC)N3CCN(CC3)C(=O)c4occc4,0,-1.1318340275634364,-0.4894593404429048
370,CCCCCc1cc(O)c2C3C=C(C)CCC3C(C)(C)Oc2c1,0,0.1909141252467009,1.076661464282672
371,NC1=CC(=NC(=N)N1O)N2CCCCC2,0,-0.05273639821031098,-0.0861313387034979
372,NC(=N)NC(=O)Cc1c(Cl)cccc1Cl,0,0.3487532243389033,-2.4439565197404263
373,CCCC(NC(C)C(=O)N1C2CCCCC2CC1C(=O)O)C(=O)OCC,0,0.5032503274621966,-0.16310077253473293
374,CCCCC(=O)N(Cc1ccc(cc1)c2ccccc2c3nnn[nH]3)C(C(C)C)C(=O)O,0,-0.784246593129312,1.2208787492991546
375,CN(C)CCC=C1c2ccccc2CCc3c1cccc3,1,-0.07022707202227033,-0.3344100336952975
376,CC(N)C(=O)NC1=C(C)C=CC=C1C,0,0.5336595481905596,1.7236376024969062
377,c1ccc(cc1)C(c2ccccc2)S(=O)CC(=O)N,1,1.0405168915837533,-0.36097202881082874
378,C(N(Cc1ccccc1)c2ccccc2)C3=NCCN3,0,-0.10394680004637802,-0.12440959623061006
379,OCC(O)CO,0,0.33442433401628785,-0.4438255549412195
380,CCN(C)C(=O)Oc1cccc(c1)C(C)N(C)C,1,0.23362551064066192,1.0602104575030533
381,Nc1ncnc2c1ncn2CCOCP(=O)(O)O,0,0.3683053972347386,-0.19380296684758777
382,OC(=O)CCC(=O)c1ccc(cc1)c2ccccc2,0,1.6964221649945725,1.7481067324460398
383,CCN(CC)C(=O)N1CCN(C)CC1,0,-0.2216943807531362,0.16170020160590662
384,CCC(=O)N(C1CCN(CCC2=CC=CC=C2)CC1)C1=CC=CC=C1,1,0.9102236601213508,2.955077407473132
385,C[n+]1ccccc1C=NO,0,0.007650668982493528,-1.3720389387183387
386,CC(C)[N+](C)(CCC(C(=O)N)(c1ccccc1)c2ccccc2)C(C)C,0,-0.238845812556192,0.14796555024584665
387,CC(C)N(CCC(C(=O)N)(c1ccccc1)c2ccccn2)C(C)C,0,-0.30045966551170805,-0.35669000302071957
388,CC12CCC3C(CCc4cc(O)ccc34)C1CCC2O,0,-0.28413349512069536,0.15080390827773973
389,COC1C=COC2(C)Oc3c(C)c(O)c4c(O)c(NC(=O)C(=CC=CC(C)C(O)C(C)C(O)C(C)C(OC(=O)C)C1C)C)c5c(nc6cc(C)ccn56)c4c3C2=O,0,-0.1271387261745579,0.6339103365043822
390,CC(C)NCC(O)COC1=CC=C(NC(C)=O)C=C1,0,0.16912328714257746,-0.05076299989089787
391,CC(C)NCC(O)c1ccc(O)c(O)c1,0,-0.19110846625433883,-0.059670567661529283
392,CC(=O)C1CCC2C3C=CC4=CC(=O)CCC4(C)C3CCC12C,0,-0.25584840758326255,0.7072788702445749
393,CCN1C=C(C(=O)O)C(=O)c2cc3OCOc3cc12,0,0.6019990053443156,0.84930246832167
394,OC(=O)CCCC1=CC=C(C=C1)N(CCCl)CCCl,0,-0.09451888958899905,-1.2688816282030368
395,CN1C(=C(OC(=O)C(C)(C)C)c2ccccc2S1(=O)=O)C(=O)Nc3ccccn3,0,0.04669456777650843,0.44647191007720194
396,CCCCCCCCOc1ccccc1C(=O)Nc2ccc(cc2)C(=O)OCC[N+](C)(CC)CC,0,0.7805515709039856,0.31055658819593845
397,CCc1nn(c(=O)n1CCOc2ccccc2)CCCN3CCN(CC3)c4cccc(c4)Cl,1,-0.4685665037122975,-1.9063406949258808
398,c1cc(ccc1n2cc(c3c2ccc(c3)Cl)C4CCN(CC4)CCN5CCNC5=O)F,1,0.3219487905048868,-1.2807250203864766
399,NNC(=O)c1ccncc1,0,0.26360730138636734,-0.490751391285718
400,CCN(CC)CCCC(C)Nc1c2ccc(Cl)cc2nc3ccc(OC)cc13,0,0.002339341685784065,0.4487665813085465
401,CC(CN1c2ccccc2Sc3c1cccc3)N(C)C,1,0.10565536479005876,-0.6077316190277774
402,CC1CN(CC(C)N1)c2c(F)c(N)c3C(=O)C(=CN(C4CC4)c3c2F)C(=O)O,0,-1.006451615044996,-0.6365157765632952
403,CCN1CC(C(C1=O)(c2ccccc2)c3ccccc3)CCN4CCOCC4,1,0.6889754819959404,0.8556041478208699
404,CCC(CO)NC(=O)C1CN(C2Cc3cn(c4c3c(ccc4)C2=C1)C)C,1,-1.4344177459581995,1.5517748559173745
405,COC(=O)C1C2CCC(N2CCCF)CC1c3ccc(cc3)I,1,-1.593562527575572,-1.6496675617228174
406,CC(C)(C)NCC(O)COc1cccc2NC(=O)CCc12,0,1.3443585546097299,0.06361484795765053
407,CS(=O)(=O)OCCCCOS(=O)(=O)C,0,-1.3686609817051514,0.7138884926813764
408,CCN1C=C(C(=O)O)C(=O)c2ccc(C)nc12,0,-1.2347887892578429,-1.8380218383562659
409,NC1C(O)OC(CO)C(O)C1O,0,-0.48626787225950646,0.17475183217602794
410,CN(C)CCCN1c2ccccc2Sc3c1cc(cc3)Cl,1,0.5620789038331567,0.3106337259611078
411,FC(F)(F)COc1ccc(OCC(F)(F)F)c(c1)C(=O)NCC2CCCCN2,0,-0.4070216722634751,-1.6767805832892462
412,CC12CC3CC(C1)(CC(C3)(C2)N)C,1,0.6233738925427402,-1.414597529460086
413,CC(C)C1=C(C)N(C)N(C1=O)c2ccccc2,0,0.129394415741727,0.49249345421143725
414,CNCCC(c1cccs1)Oc2cccc3c2cccc3,1,-0.4566532649456901,-1.0841974594707195
415,CCCC(=O)N1CCCN(CC1)c2nc(N)c3cc(OC)c(OC)cc3n2,0,0.4836383964247064,0.4056407223513325
416,CC(=Cc1ccccc1)C=C2SC(=S)N(CC(=O)O)C2=O,0,0.1293115071689056,-0.04065041534876925
417,CN(C)CCCN1C2=CC=CC=C2SC2=C1C=C(Cl)C=C2,1,0.09499406099800002,-0.33222097518297905
418,CCCCc1ncc(C=C(Cc2cccs2)C(=O)O)n1Cc3ccc(cc3)C(=O)O,0,0.7411031011128774,0.21555399549575585
419,CCC(=C(c1ccccc1)c2ccc(OCCN(C)C)cc2)c3ccccc3,0,2.0012219860114056,0.7278936613223635
420,CC(C)c1nc(nc(c2ccc(F)cc2)c1C=CC(O)CC(O)CC(=O)O)N(C)S(=O)(=O)C,0,-0.06332826754717336,0.2360672178699534
421,CC(=O)Nc1nnc(s1)S(=O)(=O)N,1,0.21093251217643152,-0.4359994844248646
422,COC(=O)C(Cc1ccccc1)NC(=O)C(N)CC(=O)O,0,1.2756253111775804,-0.5607588802382468
423,CCc1oc2ccccc2c1C(=O)c3cc(Br)c(O)c(Br)c3,0,1.1332747589096794,0.2067170579877376
424,c1cc2c3c(c1)C(=O)N(CC3CCC2)C4CN5CCC4CC5,1,-2.063243253542663,0.1441175049115744
425,CN1C(=C(O)c2ccccc2S1(=O)=O)C(=O)Nc3ccccn3,0,0.3869660749437225,0.29243334865308285
426,S=C1NC=Nc2nc[nH]c12,0,-1.506554670006012,-2.46921606672668
427,COCC1=C(N2C(SC1)C(NC(=O)C(=NOC)c3csc(N)n3)C2=O)C(=O)O,0,0.3551901713762363,0.4741671551276729
428,CON=C1CN(CC1CN)c2nc3N(C=C(C(=O)O)C(=O)c3cc2F)C4CC4,0,-0.945174549709396,0.800162061562567
429,CC(C)NCC(O)COC1=CC=CC=C1OCC=C,0,0.2608969642524284,-0.4779388807752865
430,CCC(C)CCCC(=O)NC(CCN)C(=O)NC(C(C)O)C(=O)NC(CCN)C(=O)NC1CCNC(=O)C(NC(=O)C(CCN)NC(=O)C(CCN)NC(=O)C(CC(C)C)NC(=O)C(CC(C)C)NC(=O)C(CCN)NC1=O)C(C)O,0,-0.08159067977624677,-0.1508586845691196
431,Cc1nccn1CC2CCc3c(c4ccccc4n3C)C2=O,1,-0.2560987024678278,-1.768307205571532
432,CN1CCN(CC1)/C=C\2/C(=O)N3c4ccc(cc4C(=NCC3=N2)c5ccccc5Cl)[N+](=O)[O],1,1.3535168537823759,0.5762268583904241
433,CCN(CC)CCOC(=O)C1(CCCCC1)C2CCCCC2,0,0.499525788856644,0.2330967083666141
434,CC(C)NCC(O)COC1=CC=C(CC(N)=O)C=C1,0,-0.6304967881551424,0.46829216364644327
435,NS(=O)(=O)c1cc2c(NCNS2(=O)=O)cc1C(F)(F)F,0,-0.5754863660993612,0.6904758878141519
436,CC1=NN=C2CN=C(C3=CC=CC=C3Cl)C3=C(C=CC(Cl)=C3)N12,1,0.2904834777340911,-0.45573476687559117
437,CCC(=O)N(c1ccccc1)C2CCN(CC2)CCc3ccccc3,1,-1.2800917985286842,1.717745059228324
438,[H][C@@]12CC[C@@](O)(C#C)[C@@]1(C)CC[C@]1([H])C3=C(CC[C@@]21[H])C=C(O)C=C3,0,0.24456924309765443,1.0419522296850394
439,CCC1(C(=O)N(C(=O)O1)C)C,1,0.41039654901950484,-0.19672131262748557
440,CC(C)NCC(O)COc1ccc(CC(=O)N)cc1,0,-0.6894334614198079,-0.6155264806253634
441,CN(C)CCOC1=Cc2ccccc2Sc3c1cc(cc3)Cl,1,0.2825788192223866,-0.20389591502313356
442,COc1cc(Br)c(C[N+]2(CCOCCC3CCC4CC3C4(C)C)CCOCC2)cc1OC,0,-0.5130095426394224,0.31227870829245413
443,[O-][N+](=O)C1=CC2=C(NC(=O)CN=C2C2=CC=CC=C2)C=C1,1,0.07950047907420896,-0.1653019228721689
444,CC(=O)Oc1ccc2c3c1OC4C35CCN(C(C2)C5C=CC4OC(=O)C)C,1,-0.5349061016270931,0.5870106814241857
445,CNC1=Nc2ccc(cc2C(=[N+](C1)[O])c3ccccc3)Cl,1,1.3343804877934728,0.5502977334701235
446,c1ccc2c(c1)C3=NCCN3C2(c4ccc(cc4)Cl)O,1,1.550761358456756,1.1131187034419272
447,CN(C)CCc1c[nH]c2c1cc(cc2)CS(=O)(=O)N3CCCC3,1,2.271699966712206,-0.5166071796818253
448,CCN1C=C(C(=O)O)C(=O)c2cc(F)c(nc12)N3CCNCC3,0,-0.7824244193861827,0.4687302559435
449,CC(=O)NC(CS)C(=O)O,0,1.4198410260650278,-0.5987267735917866
450,CN1CCC(C1)CN2c3ccccc3Sc4c2cccc4,1,-0.02490966834100098,-1.952719974017798
451,NC1=NC(=O)N(C=C1F)C2CSC(CO)O2,0,-0.37793336352225015,-0.021698906761160687
452,CC(C)(C)NCC(O)c1cc(O)cc(O)c1,0,1.2218946514265319,0.3039598664903433
453,O=C(O)c1ccc2[nH]cc(CCCCN3CC=C(c4ccccc4)CC3)c2c1,0,0.9925916742742622,0.39997722953086284
454,CCCC(C)(COC(=O)N)COC(=O)N,1,0.8031385894536521,-0.7940952569979408
455,CC(C)(C)C(=O)OCOC(=O)C1N2C(SC1(C)C)C(N=CN3CCCCCC3)C2=O,0,0.056623990595631356,-1.6653496522256408
456,CCN(CC)c1cc(C)nc2ncnn12,0,-0.10731286893751901,0.438162444587138
457,CN1CCOC(c2ccccc2C1)c3ccccc3,1,-1.7948992752659587,-0.9605067375201114
458,CC(C)CC1(C(=O)NC(=O)NC1=O)CC=C,1,0.37296191378375987,0.5760794593148774
459,Oc1c(I)cc(I)c2cccnc12,0,-1.2769280715133464,-0.5362853395425387
460,c1ccc(cc1)CCNN,1,0.9773645199167127,1.3605104819600085
461,CC(C)(CO)C(O)C(=O)NCCCO,0,0.3037897870939975,0.12253032906068681
462,COc1ccc2cc(CCC(=O)C)ccc2c1,0,1.4635441867900438,0.5784624341779907
463,CC=CC1=C(N2C(SC1)C(NC(=O)C(N)c3ccc(O)cc3)C2=O)C(=O)O,0,0.5552476608130402,-0.5368492994784776
464,OCC1OC(C(O)C1O)N2C=C(C=CBr)C(=O)NC2=O,0,-0.3967850024942444,-0.11377613174895256
465,CCN(CC)Cc1nccn1c2ccc(cc2C(=O)c3ccccc3Cl)[N+](=O)[O],1,0.3044226730748249,-1.1441547036382043
466,CN1N=Nc2c(ncn2C1=O)C(=O)N,0,0.5585479261375194,-1.0395403528820375
467,CN1c2ccc(cc2C(=NCC1COC)c3ccccc3Cl)Br,1,-2.232149778815646,0.7406406812269385
468,Cc1ccccc1C(c2ccccc2)OCCN(C)C,1,-1.5413133317551333,-0.1644665316040171
469,CCN1CCCC1CNC(=O)c2cc(c(cc2OC)N)S(=O)(=O)CC,1,1.5346141833923506,-1.04568720222419
470,CC1CCCC(C)N1CCCC(O)(c2ccccc2)c3ccccn3,0,1.5541861167150615,-1.114684394253535
471,OC(=O)Cc1ccc(cc1)c2ccccc2,0,0.6212624140933622,0.48672323345300766
472,CS(=O)(=O)Nc1ccc(cc1Oc2ccccc2)[N+](=O)[O],0,-0.1007615326431746,-0.23000332596632053
473,Cc1noc(NS(=O)(=O)c2ccc(N)cc2)c1C,0,-0.566425905700927,0.2834893224314013
474,CC(C)CC1C(=O)N2CCCC2C3(N1C(=O)C(O3)(C(C)C)NC(=O)C4CC5c6cccc7c6c(c[nH]7)CC5N(C4)C)O,1,-0.11451458857918012,-0.8495185546159797
475,CC1(C)SC2C(NC(=O)COc3ccccc3)C(=O)N2C1C(=O)O,0,0.541814789471696,-0.7076084849026358
476,CC1CC2C3CC(F)C4=CC(=O)C=CC4(C)C3C(O)CC2(C)C1C(=O)CO,0,0.8711635726107864,1.9516446159475789
477,c1cnc(nc1)N2CCN(CC2)CCCCN3C(=O)C4C5CCC(C5)C4C3=O,1,0.16047395035346151,2.1653779353784453
478,COc1ccccc1OCC(COC(=O)N)O,1,-1.262923366288183,0.5050482463130767
479,FC1=CN(C2CCCO2)C(=O)NC1=O,0,-1.7896615107465579,-0.5862112992601733
480,CNS(=O)(=O)Cc1ccc2c(c1)c(c[nH]2)CCN(C)C,1,0.34632888800151873,-0.33180316657313774
481,CCC(=O)N(c1ccccc1)C2(CCN(CC2)CCC(=O)OC)C(=O)OC,1,0.33836850236300586,-1.0659923375582765
482,CNCCCC1c2ccccc2C=Cc3c1cccc3,1,-0.4285708302555659,0.6797793832975886
483,CC(CCc1ccccc1)NC(C)C(O)c2ccc(O)cc2,0,1.045950264881299,1.250621977387246
484,Cc1cccc(c1)CN2CCN(CC2)C(c3ccccc3)c4ccc(cc4)Cl,1,0.08538785045888522,-0.1298177180909242
485,N=C(N)N1CCC[C@@H](CNC(=O)C[C@H](NS(=O)(=O)c2ccc3ccccc3c2)C(=O)N(CC(=O)O)C2CC2)C1,0,1.3408855997562932,-1.6824122788399014
486,CC12CC(O)C3C(CC(F)C4=CC(=O)C=CC34C)C1CCC2(O)C(=O)CO,0,-0.5229321527060564,0.7364946534477509
487,[H][C@@]12OC3=C(O)C=CC4=C3[C@@]11CCN(C)[C@]([H])(C4)[C@]1([H])C=C[C@@H]2O,1,0.09815688428322435,0.9147184419332124
488,CCOC(=O)N1C=CN(C)C1=S,0,0.9467135886768553,0.164570067448479
489,CCCC(C)C1(C(=O)NC(=O)NC1=O)CC,1,0.1875217022507927,0.4957806417889714
490,c1cc(ccc1OCC(CO)O)Cl,1,-0.7806517346256453,-0.10048130582677532
491,Nc1ccc(O)c(c1)C(=O)O,0,0.10710141128217365,-0.4968521383153072
492,CN1CCC23c4c5ccc(c4OC2C(=O)CCC3C1C5)O,1,0.5194208597808891,0.7015891482640615
493,OCC(O)CN1CCN(CC1)c2ccccc2,0,0.9169699461034692,0.7990189058798903
494,CN1CCC23c4c5ccc(c4OC2C(C=CC3C1C5)O)OC,1,-0.9004365847830812,-0.5429333685584367
495,CN(CCCCCCN(C)C(=O)Oc1ccc[n+](C)c1)C(=O)Oc2ccc[n+](C)c2,0,-0.44961072709992106,0.2709825097448706
496,CCc1ccc(CCOc2ccc(CC3SC(=O)NC3=O)cc2)nc1,0,-0.4955501747902267,-1.3500437721265577
497,CCN(CCCCOC(=O)c1ccc(OC)c(OC)c1)C(C)Cc2ccc(OC)cc2,0,0.9312618020083965,-0.3995660670032318
498,Clc1ccc2C(=C3CCNCC3)c4ncccc4CCc2c1,0,2.1320587307372514,-0.995311435862181
499,CC12CCC(=O)C=C1CCC3C4CCC(O)(C(=O)CO)C4(C)CC(=O)C23,0,0.02499444121831203,-1.0583347326015244
500,CN(C)CCCN1C2=CC=CC=C2CCC2=C1C=C(Cl)C=C2,1,1.2023869897850237,0.3642647982395187
501,CON=C(C(=O)NC1C2SCC(=C(N2C1=O)C(=O)OC(C)OC(=O)C)COC(=O)N)c3occc3,0,-1.3236932843363123,0.6368865929035777
502,Cc1nnc2n1c3c(cc(s3)Br)C(=NC2)c4ccccc4Cl,1,-0.665363993732552,1.6012508414377895
503,CC(C)(C)c1ccc(cc1)C(=O)CCCN2CCC(CC2)OC(c3ccccc3)c4ccccc4,0,0.7974574543431762,-0.32769422686265126
504,[O][N+](=O)OCC(O[N+](=O)[O])C(CO[N+](=O)[O])O[N+](=O)[O],0,0.16450997715641125,0.28040832297665624
505,Cc1ccc(C)c(OCCCC(C)(C)C(=O)O)c1,0,0.39686943105121325,0.16116154725801066
506,CC(CCC1=CC=CC=C1)NCC(O)C1=CC(C(N)=O)=C(O)C=C1,0,-1.6660426287256693,0.1937503172624414
507,CC(C)C(N)C(=O)OCCOCn1cnc2C(=O)NC(=Nc12)N,0,-0.31096303670032266,1.5072703980730642
508,NC1=NC(=O)N(C=N1)C2OC(CO)C(O)C2O,0,0.06574463623881337,-0.5370649575370741
509,CC[N+](CC)(CC)CCC(O)(C1CCCCC1)c2ccccc2,0,-0.278703117957403,-0.18244187346395996
510,CC(C)NCC(O)COc1ccccc1CC=C,0,-1.0016135930312922,-0.9671064367070721
511,CN(C)CCCN1c2ccccc2CCc3c1cc(cc3)Cl,1,-1.1629139203444683,0.29734679895777405
512,[O][N+](=O)c1nccn1CC(=O)NCc2ccccc2,0,1.737235633557346,0.9289856978550142
513,CC(C(O)=O)C1=CC(OC2=CC=CC=C2)=CC=C1,0,-0.5426315579652687,-0.8607931919770543
514,Cc1ccc(cc1)/C(=C/CN2CCCC2)/c3ccccn3,1,1.0339828207403354,-1.1745017121882204
515,Cc1onc(c1)C(=O)NCCc2ccc(cc2)S(=O)(=O)NC(=O)NC3CCCCC3,0,-1.773923359701107,-0.7389028537431043
516,CC(C)(S)C(N)C(=O)O,0,-1.5749116940960135,0.8608802669688925
517,COc1ccc(cc1)C(=C(c2ccc(OC)cc2)c3ccc(OC)cc3)Cl,0,-3.2533748318237867,-0.5537696837456013
518,CC(C)(Oc1ccc(CCNC(=O)c2ccc(Cl)cc2)cc1)C(=O)O,0,-0.059084763129693775,-1.0433858399386788
519,C1C(CN(C1=O)CC(=O)N)O,1,0.08051488020205766,2.1629111616553685
520,CN1C2CCC1CC(C2)OC(c3ccccc3)c4ccccc4,1,0.004389996882143189,0.09493531267784631
521,CC(C)OC(=O)C(C)(C)Oc1ccc(cc1)C(=O)c2ccc(Cl)cc2,0,-0.27738523420123967,1.0037494935985665
522,OC1COC2C(COC12)O[N+](=O)[O],0,-0.30081501678263933,2.4039942859538455
523,C(C(F)(F)F)(OC(F)F)F,1,-1.98349027252398,0.3463700395961439
524,c1ccc2c(c1)c(no2)CS(=O)(=O)N,1,0.2470282367827053,1.1685930201755668
525,CN(C(=O)Cc1ccc(Cl)c(Cl)c1)C(CN1CCCC1)c1cccc(OCC(=O)O)c1,0,-2.4228601763480957,0.6163424792295484
526,CN(C)CCOC(c1ccccc1)c2ccc(cc2)Br,1,-2.2201566743998375,1.3388732721227972
527,Nc1nc(O)c2N(C=O)C(CNc3ccc(cc3)C(=O)NC(CCC(=O)O)C(=O)O)CNc2n1,0,-1.4612262420597768,0.3905954606839648
528,CC(=O)OCC1OC(C(OC(=O)C)C1OC(=O)C)N2N=CC(=O)NC2=O,0,-0.008284565247855284,-0.21430828114208766
529,OC(CCN1CCCCC1)(C1CC2CC1C=C2)C1=CC=CC=C1,1,0.8042357311633979,-0.9533521488987342
530,CCC(C)N1N=CN(C1=O)c2ccc(cc2)N3CCN(CC3)c4ccc(OCC5COC(Cn6cncn6)(O5)c7ccc(Cl)cc7Cl)cc4,0,0.61341092267079,1.8802321001667646
531,C[N+]1(C)CCN(CC(O)(C2CCCCC2)c3ccccc3)CC1,0,-1.1448576370142662,1.6727228042287574
532,OS(=O)(=O)OCC1OC(OC2(COS(=O)(=O)O)OC(OS(=O)(=O)O)C(OS(=O)(=O)O)C2OS(=O)(=O)O)C(OS(=O)(=O)O)C(OS(=O)(=O)O)C1OS(=O)(=O)O,0,-1.8755533152628692,0.10850053641391554
533,CCCCCCCCCCCCCCCCOP(=O)(O)OCC[N+](C)(C)C,0,0.5732270506539301,-0.7149968095520447
534,COc1cc(N)c(Cl)cc1C(=O)NC2CCN(Cc3ccccc3)CC2,0,0.9294276492870049,1.2120405946498156
535,COc1ccc(CCNCC(O)COc2cccc(C)c2)cc1OC,0,0.4658047011907289,-0.12336058130700522
536,COc1c(N2CC3CCCNC3C2)c(F)cc4C(=O)C(=CN(C5CC5)c14)C(=O)O,0,2.2585508211106124,0.2149614030868419
537,OC(=O)CCc1oc(c2ccccc2)c(n1)c3ccccc3,0,0.35901845041744723,-2.2093478654559613
538,CC(C1Nc2cc(Cl)c(cc2S(=O)(=O)N1)S(=O)(=O)N)c3ccccc3,0,-0.5641465123967503,1.6237687842416009
539,CC1CC2=CC(=O)CCC2(C)C3CCC4(C)C(CCC4(C)O)C13,0,-1.0913643014541967,1.6226393230539722
540,CN1CCC23c4c5ccc(c4OC2C(CCC3C1C5)O)OC,1,1.5909125321629478,0.48362360244389213
541,CC(C)(C)C1=CC=C(C=C1)C(=O)CCCN1CCC(CC1)OC(C1=CC=CC=C1)C1=CC=CC=C1,0,0.1325337911594638,0.35246550335810733
542,CN(C(=O)C(Cl)Cl)c1ccc(O)cc1,0,1.1826419140625986,0.6434424513409817
543,COc1ccc2c(c1)c(CC(=O)O)c(C)n2C(=O)c3ccc(Cl)cc3,0,-0.476223227607541,1.2166126296481352
544,c1cc2c(c(c1)OCC3CNCCO3)CC=C2,1,-0.31810620616837426,-2.0384535213996102
545,CN1CC(O)C2=CC(=NNC(=O)N)C(=O)C=C12,0,0.5547721503549699,-0.780611585984849
546,c1ccc(cc1)C(COC(=O)N)COC(=O)N,1,-0.3311893638270672,-0.9527898911691579
547,CC(C)(C)NCC(O)C1=CC(O)=CC(O)=C1,0,0.15199924264250853,0.44725404306471617
548,Oc1ccc2[nH]cc(CCCCN3CC=C(c4ccccc4)CC3)c2c1,1,1.3650008773642917,1.7389807148278047
549,CC(=O)Oc1cc(C)c(OC(=O)C)c2ccccc12,0,0.33709664981535226,-0.2584980950357646
550,OS(=O)(=O)CCS,0,-1.07235521207262,1.8793056308645393
551,CN1CCc2cccc3c2C1Cc4c3c(c(cc4)O)O,1,-2.2424395329879454,-0.28526275239976234
552,CC(O)(CS(=O)(=O)c1ccc(F)cc1)C(=O)Nc2ccc(C#N)c(c2)C(F)(F)F,0,0.8842324003130028,0.5036306665207593
553,Cc1ccc(cc1)S(=O)(=O)NC(=O)NN2CC3CCCC3C2,0,-0.5495036872126777,0.6871797918916751
554,CN(C)CCC(c1ccc(cc1)Cl)c2ccccn2,1,-0.9722191059790537,1.284213429245725
555,CC1=C(C(C(=C(N1)C)C(=O)OC(C)C)c2cccc(c2)[N+](=O)[O])C(=O)OCCOC,1,2.153619960542628,0.488228736407558
556,CC(CS)C(=O)N1CCCC1C(=O)O,0,-1.0762693638106327,0.9869829608702954
557,CC(O)C(O)C1CNC2=C(N1)C(=O)NC(=N2)N,0,0.34168976899812536,-1.3957958834926634
558,NC(C(=O)NC1C2SCC(=C(N2C1=O)C(=O)O)Cl)c3ccccc3,0,-0.10080423865092975,0.2579469849279674
559,Cc1ccc(cn1)c2ncc(Cl)cc2c3ccc(cc3)S(=O)(=O)C,0,1.9322262954054692,0.768060331304321
560,OC[C@@H](NC(=O)C(Cl)Cl)[C@H](O)C1=CC=C(C=C1)[N+]([O-])=O,0,1.6761157874689177,0.4054883270747016
561,CCOC(=O)C1=C(C)NC(C)=C(C1C1=CC(=CC=C1)[N+]([O-])=O)C(=O)OC,0,-0.9708890304070346,0.08788864474738865
562,[O][N+](=O)OCC(CO[N+](=O)[O])(CO[N+](=O)[O])CO[N+](=O)[O],0,-0.9916671474108854,-0.3379613861046144
563,CCOC(=O)C(CCc1ccccc1)NC(C)C(=O)N2C3CCCC3CC2C(=O)O,0,0.8069391533488756,0.80243198768914
564,Cc1nnc2n1c3ccc(cc3C(=NC2)c4ccccc4Cl)Cl,1,-0.21856664112363658,0.038137463896371834
565,O=C1NC=Nc2[nH]ncc12,0,0.23068123531156104,-0.3870039921155545
566,c1ccc2c(c1)[nH]c(=O)n2C3CCN(CC3)CCCC(=O)c4ccc(cc4)F,1,-2.8038428982488397,0.490998603732451
567,OC(CBr)C(O)C(O)C(O)CBr,0,0.1223750054908789,1.5229637552054311
568,CC(=O)c1ccc(cc1)S(=O)(=O)NC(=O)NC2CCCCC2,0,-1.9898777347748233,0.7384663954927817
569,CNCCCN1C2=CC=CC=C2CCC2=CC=CC=C12,1,-1.552757819255388,-0.12351439716375556
570,Cc1c(c(=O)n2c(n1)CCCC2)CCN3CCC(CC3)c4c5ccc(cc5on4)F,1,0.9681229067570408,0.6497304951133223
571,Cc1c(c2cc(c(cc2[nH]1)OC)OC)CCN3CCN(CC3)c4ccccc4,1,0.1901480462058408,3.2563017313059253
572,c1ccc(cc1)N2CNC(=O)C23CCN(CC3)CCCC(c4ccc(cc4)F)c5ccc(cc5)F,1,-0.4946535364636462,0.8649142089096924
573,CC[N+](C)(C)C(C)CC(c1ccccc1)c2ccccc2,0,-0.6499393483033339,-1.390596812720422
574,CC(C)CC1C(=O)N2CCCC2C3(N1C(=O)C(O3)(C(C)C)NC(=O)C4CN(C5Cc6c7c(cccc7[nH]c6Br)C5=C4)C)O,1,0.7242289355407484,-1.0770194311638746
575,CCCC(CCC)C(=O)OC1CC2CCC(C1)[N+]2(C)C,0,-1.778783676481689,-0.5294578101743151
576,Cc1onc(c2ccccc2)c1C(=O)NC3C4SC(C)(C)C(N4C3=O)C(=O)O,0,1.5872004407324591,0.23083010325064385
577,CNCCC(OC1=CC=C(C=C1)C(F)(F)F)C1=CC=CC=C1,1,-0.7040005038083736,0.8526879155900117
578,OC(=O)Cc1nn(cc1c2ccc(Cl)cc2)c3ccc(F)cc3,0,0.8047864333996751,-2.149725250622883
579,CC[N+](CC)(CCNC(=O)C(=O)NCC[N+](CC)(CC)Cc1ccccc1Cl)Cc2ccccc2Cl,0,0.06676182129747255,2.2069331026921857
580,Nc1nc(cs1)C(=NOCC(=O)O)C(=O)NC2C3SCC(=C(N3C2=O)C(=O)O)C=C,0,-1.7371226014537975,-2.8347886670821794
581,CCOC1=CC=C(NC(C)=O)C=C1,0,2.2132571997122588,-0.7176356442467757
582,ClCCN(CCCl)C1=CNC(=O)NC1=O,0,0.6138555105154347,-0.47886004319330167
583,C1CC(=O)N(C1)CC(=O)N,1,0.08312516204343143,-0.02800639657328022
584,CCCCC(=O)O[C@H]1CC[C@H]2[C@@H]3CCc4cc(O)ccc4[C@H]3CC[C@]12C,0,-0.5244492429956829,0.6141504903419406
585,CN1c2ccc(cc2C(=NCC1=O)c3ccccc3F)[N+](=O)[O],1,1.6813102018909498,-2.129765528903292
586,CC(C)(C)NC(=O)C1CN(Cc2cccnc2)CCN1CC(O)CC(Cc3ccccc3)C(=O)NC4C(O)Cc5ccccc45,0,1.5320201615645046,-0.46708239600849
587,CCC(=O)OC(Cc1ccccc1)(c2ccccc2)C(C)CN(C)C,1,0.7867451910561244,0.29555667340041264
588,CC(=O)OCC(=O)C1(O)C(CC2C3CCC4=CC(=O)C=CC4(C)C3(F)C(O)CC12C)OC(=O)C,0,-1.3536318921109922,0.5821441961349769
589,CC1CCN(CC1)CCCC(=O)c2ccc(cc2)F,1,-0.04057601151290408,-1.4230308031768049
590,NC1=Nc2nc[nH]c2C(=S)N1,0,-1.8523714951621182,-0.222444893175094
591,Nc1nc(cs1)C(=CCC(=O)O)C(=O)NC2C3SCC=C(N3C2=O)C(=O)O,0,-0.26041845066620156,0.5397771746360378
592,CN1CCN2c3c(cccn3)Cc4ccccc4C2C1,1,0.2864001961351249,1.0134694306023206
593,CN(C)CCOC(c1ccccc1)c2ccccc2,1,0.30885446403160616,0.22648564854481654
594,CC12CCC3C(CCc4cc(OC5CCCC5)ccc34)C1CCC2(O)C#C,0,-0.7423270299661201,1.3493139803370515
595,NCC1OC(OC2C(O)C(OC3C(O)C(N)CC(N)C3OC4OC(CN)C(O)C(O)C4N)OC2CO)C(N)C(O)C1O,0,-0.03683839117599185,-0.9162471974617019
596,CC(C)CCCC(C)C1CCC2C(=CC=C3CC(O)CCC3=C)CCCC12C,0,-1.6093027336366892,0.2435782579430992
597,c1ccc2c(c1)c(ns2)N3CCN(CC3)CCCCN4C(=O)C5CCCCC5C4=O,1,-0.21788949900483567,-0.9758966003740538
598,Cc1ccc(cc1)c2c(n3cc(ccc3n2)C)CC(=O)N(C)C,1,0.010813722620337394,-0.397017921405525
599,C=CCN1CCc2c(sc(n2)N)CC1,1,-1.4320066338795,-0.15822308599736482
600,NC(Cc1cc(I)c(Oc2cc(I)c(O)c(I)c2)c(I)c1)C(=O)O,0,-0.25577822964451663,-0.021984503857355342
601,[H][C@@]12CC[C@H](O)[C@@]1(C)CC[C@@]1([H])[C@@]2([H])CCC2=CC(=O)CC[C@]12C,0,-0.8517158948717345,0.310584517579919
602,CN1CCN(CC1)c2c(F)cc3C(=O)C(=CN(CCF)c3c2F)C(=O)O,0,-1.1492964082159274,0.9645218893496809
603,c1cc(c(c(c1)Cl)Cl)c2c(nc(nn2)N)N,1,2.8989799629109707,0.7403353009345705
604,CC(C)NC(=O)NS(=O)(=O)c1cnccc1Nc2cccc(C)c2,0,-1.1739511599305452,1.2026461688979038
605,CC1C2C(O)C3C(N(C)C)C(=C(C(=O)N)C(=O)C3(O)C(=C2C(=O)c4c(O)cccc14)O)O,0,-0.19212324306594447,0.7877944948945405
606,CCN(CC)CC#CCOC(=O)C(O)(C1CCCCC1)c2ccccc2,0,0.8992920566119977,0.6400271712224781
607,NC(Cc1cc(I)c(Oc2ccc(O)c(I)c2)c(I)c1)C(=O)O,0,-0.5821948718968281,-0.2957381705309471
608,c1ccc(c(c1)C2=NC(C(=O)Nc3c2cc(cc3)Cl)O)Cl,1,0.9172869472075885,-0.0337123074196228
609,CC1=CC(=O)N2CC(=O)N(c3ccc(cc3C2(O1)c4ccccc4)Cl)C,1,-0.44575216277221613,1.4753832882888809
610,CC(=O)Oc1ccc(cc1)C(=C2CCCCC2)c3ccc(OC(=O)C)cc3,0,-0.2502623695695205,-0.6770118069060909
611,CC(COc1ccccc1)N(CCCl)Cc2ccccc2,0,0.8952903968517243,1.1893208421471675
612,CN1CCN(CC1)C(c2ccccc2)c3ccccc3,1,-1.0880239051077556,1.5952117640603403
613,CC1(C)SC2C(N3C(=O)C(NC3(C)C)c4ccccc4)C(=O)N2C1C(=O)O,0,-0.7838523823116941,-0.33354586959022464
614,CN(C)CCOc1ccc(cc1)C(=C(CCCl)c2ccccc2)c3ccccc3,0,0.4525327775524072,0.12699257358569174
615,CC(=O)OC1=CC=CC=C1C(O)=O,0,-1.2987948491771224,-2.5666520634532035
616,Cn1cnc(c1Sc2ncnc3[nH]cnc23)[N+](=O)[O],0,-0.9818883439085367,0.2869347737808445
617,C=CC(CCC(=O)O)N,1,-0.8788470095340256,-0.904524959676637
618,c1ccc(cc1)/C=C/CN2CCN(CC2)C(c3ccccc3)c4ccccc4,1,0.15871474394174673,-1.3596861147875106
619,CC1OC(=O)CC(O)CC(O)CCC(O)C(O)CC(O)CC2(O)CC(O)C(C(CC(OC3OC(C)C(O)C(N)C3O)C=CC=CC=CC=CC=CC=CC=CC(C)C(O)C1C)O2)C(=O)O,0,-0.3864222635219505,-0.9220540553010752
620,CCC1(C(=O)NC(=O)NC1=O)c2ccccc2,1,1.346673192006326,-1.8023546388955098
621,C1CCC(CC1)(CC(=O)O)CN,1,-0.5775226047454397,-0.8160201484781189
622,CC(CCC(=O)O)C1CCC2C3C(O)CC4CC(O)CCC4(C)C3CCC12C,0,0.5689691773073098,1.298311033982179
623,CC(Cn1cnc2c(N)ncnc12)OCP(=O)(O)O,0,0.1504837382713938,-0.4689362051539215
624,O=C1C(C(=O)c2ccccc12)c3ccccc3,0,-1.8693850070932865,0.8422733040613642
625,OC(=O)C(CC1=CC(=O)Nc2ccccc12)NC(=O)c3ccc(Cl)cc3,0,-0.3253927078732057,-0.6822995597224046
626,CN(C)CCN(Cc1ccccc1)c2ccccn2,1,0.46524594844659417,-1.4894122124593738
627,CC(C)NCC(O)COC1=CC=C(CCOCC2CC2)C=C1,0,-1.6973012283910607,-0.8344849654626678
628,NS(=O)(=O)c1cc2c(cc1Cl)N=CNS2(=O)=O,0,-0.7073937048408063,-0.6218577958208586
629,CC[N+](C)(CC)CCOC(=O)C(O)(C1CCCCC1)c2ccccc2,0,-0.2621624615601323,-0.7588714757454826
630,CN1CCC2=C(C1)c3ccccc3Cc4c2cccc4,1,-0.2848105370701442,0.5411265504314481
631,Nc1c(Br)cc(Br)cc1CNC2CCC(O)CC2,0,0.6771861212854663,0.15779344240760976
632,CC1CC2C(CCC3(C)C2CCC3(O)C(=O)C)C4(C)CCC(=O)C=C14,0,0.7610921178281479,-1.3969907966741177
633,CCC(/C=C/Cl)(C#C)O,1,-1.4962317874496855,-2.217281039941326
634,CCN(CC)CCNC(=O)c1cc(c(cc1OC)N)Cl,1,-1.2617285347911105,-0.19473052377986522
635,CC(C1=NCCN1)Oc2c(cccc2Cl)Cl,1,-0.889088051441914,-1.7820410822282469
636,ClCCN(CCCl)P1(=O)OCCCN1CCCl,0,-2.02859402672736,0.22599812345663686
637,CC12CC(O)C3(F)C(CCC4=CC(=O)C=CC34C)C1CC(O)C2(O)C(=O)CO,0,0.4384018601298572,-0.5876193466362791
638,CN1c2ccc(cc2N(C(=O)CC1=O)c3ccccc3)Cl,1,1.0232739330446088,-0.011515161017096955
639,Clc1ccc2N=C3NC(=O)CN3Cc2c1Cl,0,-0.945555370498866,-0.5288944473248107
640,CC(C(O)=O)C1=CC(=CC=C1)C(=O)C1=CC=CC=C1,0,-1.44275864991376,-0.4240338514666764
641,CCC(=O)C(CC(C)N(C)C)(c1ccccc1)c2ccccc2,1,-0.6915496405601105,1.2720257656250886
642,CC1(C)SC2C(NC(=O)C3(N)CCCCC3)C(=O)N2C1C(=O)O,0,1.052719157856796,0.8061054668152218
643,Oc1c(Cl)cc(Cl)cc1Sc2cc(Cl)cc(Cl)c2O,0,-0.5735761257907169,-0.17145141129340763
644,COc1ccc(OC)c(c1)C(O)CNC(=O)CN,0,0.2486192121449195,0.6346092911267269
645,CCN(CC)CCNC(=O)c1ccc(NC(=O)C)cc1,0,-0.6466611780440507,0.3059338319252426
646,CNCCc1ccccn1,1,-0.4370908722279592,-1.5648846866937993
647,CC(C)(C)NCC(O)COc1nsnc1N2CCOCC2,0,1.051414311499451,2.9115370770913644
648,CCOc1ccccc1OCCNC(C)Cc2ccc(OC)c(c2)S(=O)(=O)N,0,0.9319043864575985,-0.3914343816659865
649,OP(=O)(O)C(Sc1ccc(Cl)cc1)P(=O)(O)O,0,-1.5692302762715606,2.094336503641504
650,CCCCNc1cc(cc(c1Oc2ccccc2)S(=O)(=O)N)C(=O)O,0,1.116587448426181,-2.2891202863132643
651,CCC(=C)C(=O)c1ccc(OCC(=O)O)c(Cl)c1Cl,0,1.9068748469382963,0.3399216102968747
652,CCC(CO)NC(=O)C1CN(C)C2Cc3c[nH]c4cccc(C2=C1)c34,0,0.8462213688749074,0.6590606741266916
653,c1ccc(cc1)C2=NC(C(=O)Nc3c2cc(cc3)Cl)C(=O)O,1,1.0941905832977916,-1.767215386256523
654,c1ccc2c(c1)CC(=O)c3ccccc3N2C(=O)N,1,-0.3052351654645159,-1.5874181631807907
655,CN1CCN(CC1)CCCN2c3ccccc3Sc4c2cc(cc4)S(=O)(=O)N(C)C,1,-0.3371020304454933,-0.7495768111397983
656,COc1cc(Cc2cnc(N)nc2N)cc(OC)c1OC,0,0.02339340934354208,-0.43538996845025935
657,CC(C)NCC1CCc2cc(CO)c(cc2N1)[N+](=O)[O],0,-1.3611186182308768,-0.6710466167017722
658,CCC1OC(=O)C(C)C(OC2CC(C)(OC)C(O)C(C)O2)C(C)C(OC3OC(C)CC(C3O)N(C)C)C(C)(O)CC(C)C(=NOCOCCOC)C(C)C(O)C1(C)O,0,0.7599927289069621,-2.081529679079427
659,CC(CN1C2=CC=CC=C2SC2=CC=CC=C12)N(C)C,1,-0.8004806035586591,-0.9137679215280308
660,c1cc(ccc1C(=O)NCCN2CCOCC2)Cl,1,1.0098420692080026,-0.5118476422488224
661,COC1C(CC(=O)OC(C)CC=CC=CC(O)C(C)CC(CC=O)C1OC2OC(C)C(OC3CC(C)(OC(=O)CC(C)C)C(O)C(C)O3)C(C2O)N(C)C)OC(=O)C,0,0.13368374856219092,-0.8416328177931984
662,CNC(=O)C(NC(=O)C(CC(C)C)C(O)C(=O)NO)C(C)(C)C,0,-0.12451406671062015,-0.05496697255029011
663,c1ccc2c(c1)CCc3ccccc3C2NCCCCCCC(=O)O,1,-0.5846252360571215,0.7861860675183516
664,CN(C)C=Nc1c(I)cc(I)c(CCC(=O)O)c1I,0,-0.9132274885475399,-0.498215818777918
665,CN1C(=C(O)c2ccccc2S1(=O)=O)C(=O)Nc3ncc(C)s3,0,-1.0341760202912615,1.783269938287678
666,CC1(O)CCC2C3CCC4=CC(=O)CCC4(C)C3(F)C(O)CC12C,0,-1.435000289297287,1.0183253809719521
667,COC1C=COC2(C)Oc3c(C)c(O)c4c(O)c(NC(=O)C(=CC=CC(C)C(O)C(C)C(O)C(C)C(OC(=O)C)C1C)C)c(C=NN5CCN(C)CC5)c(O)c4c3C2=O,0,0.0880089886228785,-1.4196862131065584
668,CC(Cc1ccccc1)N(C)Cc2ccccc2,1,-0.23547384186353465,-0.8181012024499732
669,CN1c2ccc(cc2C(=NC(C1=O)O)c3ccccc3Cl)Cl,1,0.6364617584111019,-2.0959969833889556
670,COc1ccc2c(c1)c(CC(=O)OCC(=O)O)c(C)n2C(=O)c3ccc(Cl)cc3,0,-0.7866071316115867,-0.6052698275229131
671,c1ccc(cc1)C2CC2N,1,-0.134606101183313,0.31166415568923944
672,CCN1C=C(C(=O)O)C(=O)c2cc(F)c(cc12)N3CCNCC3,0,1.1314368297653323,-0.18599317625095155
673,CN1CCN(CC1)C1=C(F)C=C2C(=O)C(=CN(CCF)C2=C1F)C(O)=O,0,-0.6280099694995112,-0.7448960393974248
674,c1ccc(cc1)CC(=O)NC(=O)N,1,0.10220086309182705,1.4017665429390325
675,Cc1cc(no1)C(=O)NNCc2ccccc2,1,1.0521997395763207,0.8122894737713499
676,CN1C=CNC1=S,0,-0.009524214369506654,-0.5542711805453816
677,[Br].C[N+]1(C)C2CCC1CC(C2)OC(=O)C(O)c3ccccc3,0,-0.5392029879132123,0.6216455757085282
678,CC1OC(OC(O1)C)C,1,-0.4430245272281302,-0.5626788013346306
679,CCCN(CCC)C(=O)Cc1c(nc2n1cc(cc2)Cl)c3ccc(cc3)Cl,1,-0.6247235506994527,-0.7159481928859053
680,C\C(\C=C\C1=C(C)CCCC1(C)C)=C/C=C/C(/C)=C\C(O)=O,0,2.429365398364225,1.1056078818648043
681,CC[N+]1(CC)CCC(=C(c2ccccc2)c3ccccc3)C1C,0,-1.032741359594817,0.31634292328368124
682,CC(C)N1C(=O)N=C(c2ccccc2)c3ccc(C)cc13,0,1.4088993544073243,0.747000739165852
683,CN1C(=O)N(CCCCC(=O)C)C(=O)c2c1ncn2C,0,1.5116319039823256,-0.1696662751349188
684,COC1C=COC2(C)Oc3c(C)c(O)c4C(=O)C(=C5NC6(CCN(CC(C)C)CC6)N=C5c4c3C2=O)NC(=O)C(=CC=CC(C)C(O)C(C)C(O)C(C)C(OC(=O)C)C1C)C,0,0.2631998968497845,-0.24980333426587428
685,CN1C(=O)N(C)c2ncn(CC(O)CO)c2C1=O,0,0.5830858067685678,-1.32029562112751
686,OC(=O)CCNC(=O)c1ccc(cc1)N=Nc2ccc(O)c(c2)C(=O)O,0,-1.2901317894771296,-0.08052376321372272
687,c1cc2c(cc1Cl)[nH]c(=O)o2,1,-1.174001404418987,1.0610340294989111
688,NCC(O)C1=CC(O)=CC=C1,0,0.03153411915101301,-0.1788292012048443
689,CN1CCC23c4c5ccc(c4OC2C(C=CC3C1C5)O)O,1,0.044370263697168615,1.3811459332616862
690,COC1C=COC2(C)Oc3c(C)c(O)c4c(O)c(NC(=O)C(=CC=CC(C)C(O)C(C)C(O)C(C)C(OC(=O)C)C1C)C)c(C=NN5CCN(CC5)C6CCCC6)c(O)c4c3C2=O,0,0.10713079054622127,-1.0830748268799697
691,Cc1cc2c(s1)Nc3ccccc3N=C2N4CCN(CC4)C,1,-1.1404808805449174,-0.5451594876199369
692,c1ccc(cc1)C(CCN2CCCCC2)(C3CCCCC3)O,1,1.573574548513092,-0.051121498980215355
693,CN1C(=O)N(C)c2ncn(CC3OCCO3)c2C1=O,0,0.4585351491792408,0.7007602419966458
694,CN(C)CCCC1(c2ccc(cc2CO1)C#N)c3ccc(cc3)F,1,2.778010749848577,0.3087158424297261
695,CC1C2Cc3ccc(cc3C1(CCN2CCc4ccccc4)C)O,1,2.7692283823927433,-1.4747572137543192
696,NC(N)=NN=CC1=C(Cl)C=CC=C1Cl,0,1.395621847012836,-0.3487008029319896
697,CC12CCC3C(CCC4NC(=O)C=CC34C)C1CCC2C(=O)Nc5cc(ccc5C(F)(F)F)C(F)(F)F,0,1.2313263165768027,0.8072675345524299
698,CC1CC2C3CC(F)C4=CC(=O)C=CC4(C)C3C(O)CC2(C)C1(O)C(=O)CO,0,-0.8123772697603148,1.355636777867746
699,FC(F)(F)C(F)(F)C(F)(F)C(F)(F)C(F)(F)C(F)(F)C(F)(F)C(F)(F)Br,0,-1.2753584390861896,1.6190228645390023
