,Unnamed: 0,SMILES,TARGET
0,0,CC1OC(=O)CC(O)CC(O)CC(O)CCC(O)C(O)CC(=O)CC(O)C(C(O)CC(OC2OC(C)C(O)C(N)C2O)C=CC=CC=CC=CCCC=CC=CC(C)C(O)C1C)C(=O)O,10.73157418224176
1,1,NCCCCC(NC(CCc1ccccc1)C(=O)O)C(=O)N2CCCC2C(=O)O,10.42702780724577
2,2,c1ccc(cc1)C2=NCC(=O)Nc3c2cc(cc3)[N+](=O)[O],10.642914932650193
3,3,CCN(CC)C(C)CN1c2ccccc2Sc3c1cccc3,10.227270145604097
4,4,CC(CCCC(C)(C)O)C1CCC2C(=CC=C3CC(O)CC(O)C3=C)CCCC12C,10.256353673508364
5,5,c1ccc(cc1)C(c2ccc(cc2)Cl)N3CCN(CC3)CCOCCO,10.156679961457481
6,6,CCCSc1ccc2[nH]c(NC(=O)OC)nc2c1,10.147145349065394
7,7,NC12CC3CC(CC(C3)C1)C2,10.52401157129953
8,8,CC1CCc2cc(F)cc3C(=O)C(=CN1c23)C(=O)O,10.914128587066418
9,9,CC1OC(CC(OC(=O)C)C1O)OC2C(O)CC(OC3C(O)CC(OC4CCC5(C)C(CCC6C5CCC7(C)C(CCC67O)C8=CC(=O)OC8)C4)OC3C)OC2C,10.932486262942314
10,10,CCc1cc2c(s1)n3c(nnc3CN=C2c4ccccc4Cl)C,10.749384180413333
11,11,CC(C)C(N)C(=O)OCC(CO)OCn1cnc2C(=O)NC(=Nc12)N,10.949436563788362
12,12,CC1=C(N2C(C(C2=O)NC(=O)C(=NOC)C3=CSC(=N3)N)SC1)C(=O)OCOC(=O)C(C)(C)C,10.926435418960486
13,13,Cc1onc(c1C(=O)NC2C3SC(C)(C)C(N3C2=O)C(=O)O)c4c(Cl)cccc4Cl,10.05401255723882
14,14,CSC1=CC2=C(SC3=CC=CC=C3N2CCC2CCCCN2C)C=C1,10.711667533468223
15,15,COC(=O)C1C(O)CC2(O)CC(O)CC(O)CC(O)CC(O)CC(=O)CC(O)CC(=O)OC(C(C)CCC(O)CC(=O)c3ccc(N)cc3)C(C)C=CC=CC=CC=CC=CC=CC=CC(CC1O2)OC4OC(C)C(O)C(N)C4O,10.958420057552992
16,16,CON=C(C(=O)NC1C2SCC(=C(N2C1=O)C(=O)O)C)c3csc(N)n3,10.143710229884046
17,17,CC(=O)Nc1ccc(cc1)O,10.973495111754747
18,18,CC(Cc1ccc2OCOc2c1)NCC(O)c3ccc(O)c(O)c3,10.25059332313757
19,19,CC(=O)OCCN1CCN(CC1)CCCN2c3ccccc3Sc4c2cc(cc4)Cl,10.939233082257184
20,20,CCOC(=O)C=C1SC(N2CCCCC2)C(=O)N1C,10.70355223104215
21,21,CCOC(=O)C1=C(C)NC(=C(C1c2cccc(c2)[N+](=O)[O])C(=O)OC)C,10.12094951972167
22,22,COc1ccc(CC(C)NCC(O)c2ccc(O)c(NC=O)c2)cc1,10.467652538972589
23,23,CSc1ccc(cc1)C(=O)C2=C(C)NC(=O)N2,10.011841039834891
24,24,NC1=NC(=O)N(C=C1)C2CSC(CO)O2,10.97640017483541
25,25,C[C@H](CS)C(=O)N1CCC[C@H]1C(O)=O,10.147585337206776
26,26,CC1OC1P(=O)(O)O,10.565020216434748
27,27,OS(=O)(=O)c1ccc2NC(=C3Nc4ccc(cc4C3=O)S(=O)(=O)O)C(=O)c2c1,10.789823181580934
28,28,CN(C)C1C2C(O)C3C(=C(O)C2(O)C(=O)C(=C1O)C(=O)N)C(=O)c4c(O)cccc4C3(C)O,10.840397504346825
29,29,CCC(=O)OC1(C(C)CC2C3CC(F)C4=CC(=O)C=CC4(C)C3(F)C(O)CC12C)C(=O)SCF,10.188087892729607
30,30,COC(=O)NC(C(=O)NC(Cc1ccccc1)C(O)CN(Cc2ccc(cc2)c3ccccn3)NC(=O)C(NC(=O)OC)C(C)(C)C)C(C)(C)C,10.374078113240916
31,31,CC12CCC(=O)C=C1C3CC3C4C2CCC5(C)C4C6CC6C57CCC(=O)O7,10.734589389949107
32,32,[O][N+](=O)c1cc(ccc1C(=O)C2C(=O)CCCC2=O)C(F)(F)F,10.254620171546248
33,33,OC(=O)COCCN1CCN(CC1)C(c2ccccc2)c3ccc(Cl)cc3,10.592017412738564
34,34,CCN1C(=O)C(NC1=O)c2ccccc2,10.235933160973653
35,35,COc1ccc2[nH]c(nc2c1)S(=O)Cc3ncc(C)c(OC)c3C,10.501451672062226
36,36,c1cc2c(cc1O)C34CCCCC3(C(C2)N(CC4)CC5CCC5)O,10.438652271136599
37,37,CCCC(C)C1(C(=O)NC(=O)NC1=O)CC=C,10.38653788737771
38,38,CNS(=O)(=O)CC1=CC=C2NC=C(CCN(C)C)C2=C1,10.830077572004116
39,39,CCc1cccc2c3CCOC(CC)(CC(=O)O)c3[nH]c12,10.898934935874285
40,40,Nc1ccc(cc1)S(=O)(=O)Nc2ccnn2c3ccccc3,10.85118586745918
41,41,CC(C)NCCCC1(C(=O)N)c2ccccc2c3ccccc13,10.101583898571334
42,42,c1ccn2c(c1)nn(c2=O)CCCN3CCN(CC3)c4cccc(c4)Cl,10.55467711245682
43,43,CCCCCCC(C)(C)c1cc(c2c(c1)OC(C3C2CC(=O)CC3)(C)C)O,10.856520025059599
44,44,COC1CC(CC(C)C2CC(=O)C(C)C=C(C)C(O)C(OC)C(=O)C(C)CC(C)C=CC=CC=C(C)C(CC3CCC(C)C(O)(O3)C(=O)C(=O)N4CCCCC4C(=O)O2)OC)CCC1O,10.291749388989427
45,45,CC(C)Oc1ccc2C(=O)C(=COc2c1)c3ccccc3,10.718413489318293
46,46,NC(=Nc1nc(CSCCC(=N)NS(=O)(=O)N)cs1)N,10.183405596124814
47,47,CC1(CC(=O)N(C1=O)C)c2ccccc2,10.91865864959856
48,48,CCCc1nc(c(C(=O)O)n1Cc2ccc(cc2)c3ccccc3c4nnn[nH]4)C(C)(C)O,10.525119357546782
49,49,COC(=O)C1=C(C)NC(=C(C1c2cccc3nonc23)C(=O)OC(C)C)C,10.587115306704762
50,50,CC1C(OCCN1C)c2ccccc2,10.164929938399341
51,51,C[N+]1(C)CCC(C1)OC(=O)C(O)(C2CCCC2)c3ccccc3,10.250417529338256
52,52,COc1ccccc1OC(=O)CNC(=O)Cc2ccc(C(=O)c3ccc(C)cc3)n2C,10.143366807875074
53,53,CC[N+](C)(CC)CCOC(=O)C1c2ccccc2Oc3ccccc13,10.712679393433504
54,54,CC1(O)CCC2C3CCC4=CC(=O)CCC4(C)C3CCC12C,10.655343779390984
55,55,CN1C=CC(=O)C(=C1C)O,10.969469064162134
56,56,OCC(NC(=O)C(Cl)Cl)C(O)c1ccc(cc1)[N+](=O)[O],10.129686718138556
57,57,Nc1nc(N)c2nc(c(N)nc2n1)c3ccccc3,10.824116747282115
58,58,OCCN(CC1)CCN1CC/C=C2C3=C(C=CC(C(F)(F)F)=C3)SC4=CC=CC=C4\2.Cl.Cl,10.71517105511875
59,59,C[N+]12CCC(CC1)C(C2)OC(=O)C(O)(c3ccccc3)c4ccccc4,10.388202565069776
60,60,CN1c2ccc(cc2C(=NCC1=O)c3ccccc3)Cl,10.376998706273957
61,61,CN1C(=O)CC(NC1=O)C(=O)NC(Cc2cnc[nH]2)C(=O)N3CCCC3C(=O)N,10.671653064931535
62,62,CN1CCC23c4c5ccc(c4OC2C(=O)CCC3C1C5)OC,10.00899957060051
63,63,CC1(c2ccccc2C(=CCCN(C)C)c3c1cccc3)C,10.114074015744238
64,64,CCC(Oc1ccccc1)C(=O)NC2C3SC(C)(C)C(N3C2=O)C(=O)O,10.058056684042446
65,65,OS(=O)CNc1ccc(cc1)S(=O)(=O)c2ccc(NCS(=O)O)cc2,10.7759545644198
66,66,CC(C)(Cc1ccccc1)N,10.80277383977686
67,67,NCC1CCC(CC1)C(=O)O,10.896185943138143
68,68,CN1CCC(=C2c3ccccc3C=Cc4c2cccc4)CC1,10.076873065362577
69,69,NC(=O)c1ccccc1O,10.274144337666637
70,70,OCC(O)COC(=O)c1ccccc1Nc2ccnc3c(cccc23)C(F)(F)F,10.395875170290209
71,71,OCCN1CC(O)C(O)C(O)C1CO,10.105390314985968
72,72,CC(C)(C#N)c1cc(Cn2cncn2)cc(c1)C(C)(C)C#N,10.856848474787105
73,73,NC(=N)NC(=O)CC1=C(Cl)C=CC=C1Cl,10.990004577755068
74,74,CN(C)CCC(c1ccc(cc1)Br)c2ccccn2,10.464180540855736
75,75,Cn1cc2c3c1cccc3C4(CC(CN(C4C2)C)COC(=O)c5cc(cnc5)Br)OC,10.92883304356388
76,76,CC1=C(N2C(SC1)C(NC(=O)C(N)C3=CCC=CC3)C2=O)C(=O)O,10.847978685302259
77,77,NS(=O)(=O)c1cc2c(NC(NS2(=O)=O)C3CC4CC3C=C4)cc1Cl,10.822605972653474
78,78,CN1CCC23c4c5ccc(c4OC2C(=O)CCC3(C1C5)O)O,10.71830342019019
79,79,CC(CN1CC(=O)NC(=O)C1)N2CC(=O)NC(=O)C2,10.497792575368983
80,80,CN(C)C1C2CC3C(O)c4c(Cl)ccc(O)c4C(=C3C(=O)C2(O)C(=O)C(=C(N)O)C1=O)O,10.568384310455563
81,81,OCC(O)C(O)C(O)C=O,10.208126272111011
82,82,OC(=N)CCCN=C(C1=CC=C(Cl)C=C1)C1=C(O)C=CC(F)=C1,10.740001890271728
83,83,CCC1OC(=O)C(C)C(OC2CC(C)(OC)C(O)C(C)O2)C(C)C(OC3OC(C)CC(C3O)N(C)C)C(C)(O)CC(C)CN(C)C(C)C(O)C1(C)O,10.379981086015869
84,84,CCCN(CCC)S(=O)(=O)c1ccc(cc1)C(=O)O,10.991851616649512
85,85,NC(=N)NC(=N)NCCc1ccccc1,10.520236148418649
86,86,CN(C)CCCN1c2ccccc2CCc3c1cccc3,10.0942705547063
87,87,CCOc1ccc2ccccc2c1NC(=O)C3C4SC(C)(C)C(N4C3=O)C(=O)O,10.389730828930716
88,88,CC1C(O)CCC2(C)C1CCC3(C)C2C(O)CC4C(=C(CCC=C(C)C)C(=O)O)C(CC34C)OC(=O)C,10.543659644357831
89,89,Cc1ccnc2N(C3CC3)c4ncccc4C(=O)Nc12,10.027214052685672
90,90,c1ccc2[nH]c(nc2c1)c3cscn3,10.323905495355165
91,91,CC(c1ccccc1)(c2ccc(cc2)Cl)OCCC3CCCN3C,10.278467708938066
92,92,CCc1cc(ccn1)C(=S)N,10.130506106452346
93,93,CN(C)C(=O)C(CCN1CCC(O)(CC1)C1=CC=C(Cl)C=C1)(C1=CC=CC=C1)C1=CC=CC=C1,10.235892951069248
94,94,CC(C)NCC(O)COC1=CC=CC=C1CC=C,10.0451035107296
95,95,CCC(=O)C(CC(C)N1CCCCC1)(c2ccccc2)c3ccccc3,10.289359381327394
96,96,COc1ccc(cc1)C(=O)N2CCCC2=O,10.942027601238527
97,97,COC(=O)C1CC2=CC(=O)CCC2(C)C34OC3CC5(C)C(CCC56CCC(=O)O6)C14,10.082865359371606
98,98,CC1C2Cc3ccc(cc3C1(CCN2CC=C(C)C)C)O,10.12168710373798
99,99,Cc1nnc(NS(=O)(=O)c2ccc(N)cc2)s1,10.790864533172254
100,100,COC1C(OC(=O)N)C(O)C(Oc2ccc3C(=O)C(=C(O)Oc3c2C)NC(=O)c4ccc(O)c(CC=C(C)C)c4)OC1(C)C,10.296920752937558
101,101,CCCCCCCCCCCCCCCC(=O)OCC=C(C)C=CC=C(C)C=CC1=C(C)CCCC1(C)C,10.301557001155231
102,102,CCC1(C(=O)NCNC1=O)c2ccccc2,10.46446928296693
103,103,NS(=O)(=O)c1cc(C(=O)O)c(NCc2occc2)cc1Cl,10.598544786338305
104,104,CCC(=O)N(c1ccccc1)C2(CCN(CC2)CCc3cccs3)COC,10.208865881822828
105,105,Cc1cc2c(cc1C(=C)c3ccc(cc3)C(=O)O)C(C)(C)CCC2(C)C,10.57428301958985
106,106,c1ccc2c(c1)N(c3cc(ccc3S2)C(F)(F)F)CCCN4CCN(CC4)CCO,10.754047637132743
107,107,c1cc(c(cc1C(C(C(=O)O)N)O)O)O,10.82641020868114
108,108,Cc1cnc(cn1)C(=O)NCCc2ccc(cc2)S(=O)(=O)NC(=O)NC3CCCCC3,10.889610103877
109,109,CC(C)NCC(O)COC1=CC=CC2=C1C=CC=C2,10.106870857963978
110,110,CCC1(O)C(=O)OCC2=C1C=C3N(Cc4cc5ccccc5nc34)C2=O,10.562380641313942
111,111,COc1ccccc1OCCNCC(O)COc2cccc3[nH]c4ccccc4c23,10.135376000785293
112,112,CC(C)c1cc(OC(=O)C)c(C)cc1OCCN(C)C,10.0481896778231
113,113,CCCC1(CCc2ccccc2)CC(=C(C(CC)c3cccc(NS(=O)(=O)c4ccc(cn4)C(F)(F)F)c3)C(=O)O1)O,10.124142556941734
114,114,CC(N)COC1=C(C)C=CC=C1C,10.450409999266377
115,115,CC1=CC(=O)Oc2c(C)c3oc(C)cc3cc12,10.968577114572316
116,116,NS(=O)(=O)c1cc2c(NC(Cc3ccccc3)NS2(=O)=O)cc1C(F)(F)F,10.395117899900633
117,117,Cc1ncc2C(OCc2c1O)c3ccc(Cl)cc3,10.181365188935564
118,118,NC(CCC(=O)O)C(=O)O,10.484562661603675
119,119,CCCC1=CC(=O)NC(=S)N1,10.759361461102742
120,120,CC1(O)CCC2C3CCC4Cc5[nH]ncc5CC4(C)C3CCC12C,10.140296578337589
121,121,OCC1CCC(O1)n2cnc3C(=O)NC=Nc23,10.724359753896943
122,122,OC[C@@H](O)[C@@H](O)[C@H](O)[C@H](O)CO,10.022303675156854
123,123,CCCC1CC(N(C)C1)C(=O)NC(C(C)O)C2OC(SC)C(O)C(O)C2O,10.789595668194591
124,124,COCCCC/C(=N\OCCN)/c1ccc(cc1)C(F)(F)F,10.869819575758914
125,125,CC1OC(CC(N)C1O)OC2CC(O)(Cc3c(O)c4C(=O)c5ccccc5C(=O)c4c(O)c23)C(=O)C,10.481311353064596
126,126,Cc1cc(cc(c1)OCC2CNC(=O)O2)C,10.103216916495796
127,127,C[C@]12C[C@H](O)[C@H]3[C@@H](CCC4=CC(=O)CC[C@@]43C)[C@@H]1CC[C@]2(O)C(=O)CO,10.325234455367754
128,128,c1ccc2c(c1)C=Cc3ccccc3N2CCCN4CCN(CC4)CCO,10.434036390775614
129,129,CN(C)CC/C=C/1\c2ccccc2CSc3c1cccc3,10.656470562840157
130,130,CCOC(=O)C(CCc1ccccc1)NC(C)C(=O)N2Cc3ccccc3CC2C(=O)O,10.289410371567051
131,131,OC(CNCCCCCCNCC(O)c1ccc(O)c(O)c1)c2ccc(O)c(O)c2,10.134274293359264
132,132,CCN1N=C(C(=O)O)C(=O)c2cc3OCOc3cc12,10.30672647101542
133,133,ClC1=CC2=C(C=C1)N(C1CCN(CCCN3C(=O)NC4=CC=CC=C34)CC1)C(=O)N2,10.376376809241673
134,134,COc1ccc(cc1O)C2=CC(=O)c3c(O)cc(OC4OC(COC5OC(C)C(O)C(O)C5O)C(O)C(O)C4O)cc3O2,10.353026712194756
135,135,C/N=C\1/CN(C(=c2cc(ccc2=N1)Cl)c3ccccc3)O,10.517284226233341
136,136,CCCCC(CC)CNC(=O)CC(C)O,10.597773286252298
137,137,COc1ccnc(CS(=O)c2nc3cc(OC(F)F)ccc3[nH]2)c1OC,10.747884603740815
138,138,CCC1(CCCCN(C1)C)c2cccc(c2)O,10.947284934253036
139,139,CN1CCN(CC1)C2=Nc3cc(ccc3Nc4c2cccc4)Cl,10.6196965753932
140,140,CN1c2ccc(cc2C(NCC1=O)C3=CCCCC3)Cl,10.967886849465858
141,141,CC(C)C(C)C=CC(C)C1CCC2C(=CC=C3CC(O)CCC3C)CCCC12C,10.76964174269384
142,142,CCOC(=O)C(CCc1ccccc1)NC(C)C(=O)N2CCCC2C(=O)O,10.795319205060078
143,143,CC(C)(C)C(/C=C/c1ccc2c(c1)OCO2)O,10.966531147199252
144,144,OC(=O)Cc1ccc(OCC=C)c(Cl)c1,10.589318550949663
145,145,Cc1nnc2n1c3ccc(cc3C(=NC2)c4ccccc4)Cl,10.59821009550155
146,146,CN(C)Cc1nnc2n1c3ccc(cc3C(=NC2)c4ccccc4)Cl,10.01556548721795
147,147,CN(C)CCOC(C1=CC=CC=C1)C1=CC=CC=C1C,10.714217720691092
148,148,CCSc1ccc2c(c1)N(c3ccccc3S2)CCCN4CCN(CC4)C,10.05640423138749
149,149,CC(COc1ccccc1)NC(C)C(O)c2ccc(O)cc2,10.210535379176983
150,150,CC1CS(=O)(=O)CCN1N=Cc2oc(cc2)[N+](=O)[O],10.79568281111071
151,151,CCNCC(O)c1cccc(O)c1,10.979969044905353
152,152,[H][C@]12SCC(CSC3=NC(=O)C(=O)NN3C)=C(N1C(=O)[C@H]2NC(=O)C(=N/OC)\C1=CSC(N)=N1)C(O)=O,10.427336948244214
153,153,CN(C)CCC=C1c2ccccc2C=Cc3c1cccc3,10.21696007386684
154,154,CC1CC2C3CCC4=CC(=O)C=CC4(C3(C(CC2(C1(C(=O)CO)O)C)O)F)C,10.39737043003853
155,155,c1ccc(cc1)C(CCN2CCCC2)(C3CCCCC3)O,10.394548581818645
156,156,Oc1ccc2c(Oc3cc(O)ccc3C24OC(=O)c5ccccc45)c1,10.937624864929683
157,157,c1ccc(c(c1)C2=NCC(=O)N(c3c2cc(cc3)Cl)CC4CC4)F,10.386497975215736
158,158,NS(=O)(=O)c1cc(Cl)c(Cl)c(c1)S(=O)(=O)N,10.500034882728789
159,159,Cc1ccc(cc1)S(=O)(=O)NC(=O)NN2CCCCCC2,10.07589004032431
160,160,c1ccc(c(c1)C2=NCC(=O)Nc3c2cc(cc3)Cl)Cl,10.020947802187752
161,161,CC(C)(CO)C(O)C(=O)NCCC(=O)O,10.578633394831048
162,162,CC1OC(OC2C(O)C(O)C(OC3C(O)C(O)C(O)OC3CO)OC2CO)C(O)C(O)C1NC4C=C(CO)C(O)C(O)C4O,10.691607084929334
163,163,Cc1c(c(=O)n2ccsc2n1)CCN3CCC(=C(c4ccc(cc4)F)c5ccc(cc5)F)CC3,10.762048105024776
164,164,CCOC(=O)C1(CCN(CC1)CCc2ccc(cc2)N)c3ccccc3,10.094202020068067
165,165,COc1ccc(Cl)cc1C(=O)NCCc2ccc(cc2)S(=O)(=O)NC(=O)NC3CCCCC3,10.999770231898282
166,166,CCC1(C(=O)NC(=O)NC1=O)C1=CCCCC1,10.117445688289779
167,167,CC(=O)CC(C1=C(O)Oc2ccccc2C1=O)c3ccc(cc3)[N+](=O)[O],10.054913977886024
168,168,COC(=O)C(c1ccccc1)C2CCCCN2,10.726492683141785
169,169,CN1CCN(CC1)C(=O)OC2c3c(nccn3)C(=O)N2c4ccc(cn4)Cl,10.022193450792383
170,170,CC(CN1CCOCC1)C(c2ccccc2)(c3ccccc3)C(=O)N4CCCC4,10.806060506083531
171,171,c1ccc(cc1)C2=NC(C(=O)Nc3c2cc(cc3)Cl)O,10.25049349247949
172,172,Cc1ccccc1OC(CCNC)c2ccccc2,10.204959561935118
173,173,CN(C)C1C2CC3C(=C(O)C2(O)C(=O)C(=C1O)C(=O)N)C(=O)c4c(O)cccc4C3(C)O,10.887994712639612
174,174,CC(C)CN(CC(O)C(Cc1ccccc1)NC(=O)OC2CCOC2)S(=O)(=O)c3ccc(N)cc3,10.683476770847555
175,175,COc1cnc(NS(=O)(=O)c2ccc(N)cc2)nc1,10.39606925583429
176,176,Cc1cccc(Nc2ccccc2C(=O)O)c1C,10.1556253344443
177,177,CCC1=C(C)CN(C(=O)NCCc2ccc(cc2)S(=O)(=O)NC(=O)NC3CCC(C)CC3)C1=O,10.99564837704371
178,178,CC(C)(C(=O)c1cccnc1)c2cccnc2,10.969392236645563
179,179,COC1=C(OC)C=C(CCN(C)CCCC(C#N)(C(C)C)C2=CC(OC)=C(OC)C=C2)C=C1,10.990428407030272
180,180,c1ccc(cc1)C2(C(=O)NC(=O)N2)c3ccccc3,10.270412842231613
181,181,NCCCCCC(=O)O,10.263121421347302
182,182,NCCNCCNCCN,10.360089960612338
183,183,CCOC(=O)C1=C(COCCN)NC(=C(C1c2ccccc2Cl)C(=O)OC)C,10.80269106758064
184,184,CN(C)C(=O)Oc1cccc(c1)[N+](C)(C)C,10.189512861739567
185,185,OC(C1CCCCN1)c2cc(nc3c(cccc23)C(F)(F)F)C(F)(F)F,10.985780881471145
186,186,c1ccc(c(c1)C2=NCC(=S)N(c3c2cc(cc3)Cl)CC(F)(F)F)F,10.945609444808095
187,187,CC(CN1c2ccccc2Sc3c1cccc3)CN(C)C,10.461072432719638
188,188,CC12CC(O)C3C(CCC4=CC(=O)C=CC34C)C1CCC2(O)C(=O)CO,10.920332309646508
189,189,CCC(=O)N(c1ccccc1)C2(CCN(CC2)CCn3c(=O)n(nn3)CC)COC,10.498165085234884
190,190,Oc1ccc(Cl)cc1C(=O)Nc2ccc(cc2Cl)[N+](=O)[O],10.277860729707466
191,191,CCCCN(CCCC)CCC(O)c1cc2c(Cl)cc(Cl)cc2c3cc(ccc13)C(F)(F)F,10.545288103974718
192,192,[H]\C(CN1CCCC1)=C(\C1=CC=C(C)C=C1)C1=CC=CC(=N1)C(\[H])=C(/[H])C(O)=O,10.35069719527486
193,193,CC(C)(C)c1cc(SC(C)(C)Sc2cc(c(O)c(c2)C(C)(C)C)C(C)(C)C)cc(c1O)C(C)(C)C,10.187912942607815
194,194,OCC(O)C1OC(=O)C(=C1O)O,10.937625507742531
195,195,CC(=O)CC(C1=C(O)c2ccccc2OC1=O)c3ccccc3,10.767475222262231
196,196,CC(O)(P(=O)(O)O)P(=O)(O)O,10.258098926073025
197,197,CC(C)NCCCNC(=O)Nc1c(C)cccc1C,10.886909630836728
198,198,CC12CCC3C(CCC4=CC(=O)C=CC34C)C1CCC(=O)O2,10.915739376845169
199,199,CCN(CC)CC(=O)NC1=C(C)C=CC=C1C,10.954947536471952
200,200,CC(C)NCC(O)COc1ccc(CCOCC2CC2)cc1,10.182493660019178
201,201,[H]C(CCN(C)C)=C1C2=CC=CC=C2COC2=CC=CC=C12,10.64659580742967
202,202,CC(=O)NC1=CC=C(O)C=C1,10.199487572317212
203,203,CC(C)Nc1cccnc1N2CCN(CC2)C(=O)c3cc4cc(NS(=O)(=O)C)ccc4[nH]3,10.960223749373828
204,204,CS(=O)(=O)OCC(O)C(O)COS(=O)(=O)C,10.799811537562176
205,205,O=C1CCc2cc(OCCCCc3nnnn3C4CCCCC4)ccc2N1,10.08441037274106
206,206,Nc1nc2ccc(OC(F)(F)F)cc2s1,10.274245590216855
207,207,CCC1=CC=CC2=C1OC(=C2)C(O)CNC(C)(C)C,10.581272208443222
208,208,CN1C2CCC1CC(C2)OC(=O)c3c[nH]c4c3cccc4,10.110435717496522
209,209,OCCN1CCN(CCCN2C3=CC=CC=C3SC3=C2C=C(Cl)C=C3)CC1,10.340628119796664
210,210,c1cc(ccc1C(CCCN2CCC(CC2)(c3ccc(c(c3)C(F)(F)F)Cl)O)c4ccc(cc4)F)F,10.632639059796636
211,211,c1ccc2c(c1)/C(=C\CCN3CCN(CC3)CCO)/c4cc(ccc4S2)Cl,10.151995553791004
212,212,Cc1ccc(cc1)C(=O)c2ccc(CC(=O)O)n2C,10.903474354435328
213,213,Cc1cc(CC(=O)O)n(C)c1C(=O)c2ccc(Cl)cc2,10.45177050754897
214,214,NCCCC(O)(P(=O)(O)O)P(=O)(O)O,10.408348356809846
215,215,c1cc(ccc1C(=O)CCCN2CCC(CC2)(c3ccc(cc3)Cl)O)F,10.610782451803724
216,216,NC1=Nc2c(ncn2COC(CO)CO)C(=O)N1,10.376295730300088
217,217,CN1C2CCC1C(C(C2)OC(=O)c3ccccc3)C(=O)OC,10.776936700771259
218,218,CC(C)NCC(COc1cccc2c1cccc2)O,10.881581232621006
219,219,c1cc(c(cc1CC(C(=O)O)N)O)O,10.964160853281923
220,220,CC12CCC3C(CCc4cc(OC(=O)N(CCCl)CCCl)ccc34)C1CCC2O,10.780054801113565
221,221,CC(C)(C)C(C)(C1CC23CCC1(C4C25CCN(C3Cc6c5c(c(cc6)O)O4)CC7CC7)OC)O,10.488698949582309
222,222,c1ccc(c(c1)CC(=O)O)Nc2c(cccc2Cl)Cl,10.239989004217176
223,223,OP(=O)(O)OCC(Cl)(Cl)Cl,10.57161492214119
224,224,CN(C)CC/C=C\1/c2ccccc2Sc3c1cc(cc3)Cl,10.20366787282035
225,225,[O][N+](=O)c1oc(C=NN2CCOC2=O)cc1,10.595673284695028
226,226,CN1C(=C(O)c2ccccc2S1(=O)=O)C(=O)Nc3cc(C)on3,10.999246027274086
227,227,OC(=O)c1ccc(NC(=O)C(Cc2ccc(O)cc2)NC(=O)c3ccccc3)cc1,10.401224421505724
228,228,CCC(=O)C(CC(C)N(C)C)(C1=CC=CC=C1)C1=CC=CC=C1,10.107718386745011
229,229,COc1ccc(cc1)C2C(=O)c3ccccc3C2=O,10.328914885694592
230,230,CCOC(=O)OC(C)OC(=O)C1N2C(SC1(C)C)C(NC(=O)C(N)c3ccccc3)C2=O,10.916753424232702
231,231,NC(CSCC(=O)O)C(=O)O,10.260090623789052
232,232,Clc1ccccc1C(c2ccccc2)(c3ccccc3)n4ccnc4,10.155236567729608
233,233,CNC1CCc2[nH]c3ccc(cc3c2C1)C(=O)N,10.508846581232275
234,234,c1cc(ccc1C(=O)CCCN2CCC(CC2)(c3ccc(cc3)Br)O)F,10.63929794557159
235,235,CN(Cc1cnc2nc(N)nc(N)c2n1)c3ccc(cc3)C(=O)NC(CCC(=O)O)C(=O)O,10.412933095683519
236,236,CN(Cc1cc(Br)cc(Br)c1N)C2CCCCC2,10.596441534568102
237,237,OC(=O)c1cccnc1,10.608005086894515
238,238,CN1CCN(CC1)CC/C=C/2\c3ccccc3Sc4c2cc(cc4)S(=O)(=O)N(C)C,10.728540214173917
239,239,Cc1onc(c2ccccc2Cl)c1C(=O)NC3C4SC(C)(C)C(N4C3=O)C(=O)O,10.759579205969363
240,240,CSc1ccc2ncn(/C=C/C(=O)O)c(=O)c2c1,10.894598130075398
241,241,CN1CCN(CC1)CCCN2c3ccccc3Sc4c2cc(cc4)Cl,10.065194498896732
242,242,CC(C)(C)NCC(O)C1=CC(CO)=C(O)C=C1,10.538846766880294
243,243,OC(=O)C1=CC(=CC=C1O)\N=N\C1=CC=C(O)C(=C1)C(O)=O,10.995147396824217
244,244,CNCCC=C1c2ccccc2CCc2ccccc21,10.584113163522654
245,245,CC12CCC3C(CCc4cc(OS(=O)(=O)O)ccc34)C1CCC2=O,10.409939507418029
246,246,COC(=O)C1=C(C)NC(=C(C1c2cccc(c2)[N+](=O)[O])C(=O)OCCN(C)Cc3ccccc3)C,10.77217817792784
247,247,CCOC(=O)C1(CCN(CC1)C)c2ccccc2,10.635786988320604
248,248,Cn1c(C=Cc2ccnc(N)n2)ncc1[N+](=O)[O],10.260367320232259
249,249,CCC1NC(=O)c2cc(c(Cl)cc2N1)S(=O)(=O)N,10.596286274817535
250,250,c1ccc(cc1)/C=C/CN2CCN(CC2)C(c3ccc(cc3)F)c4ccc(cc4)F,10.259887512781656
251,251,CCCCc1nc(Cl)c(CO)n1Cc2ccc(cc2)c3ccccc3c4nnn[nH]4,10.321472322182853
252,252,CCCNC(=O)NS(=O)(=O)c1ccc(Cl)cc1,10.89343709140657
253,253,CC(C)C(C)C=CC(C)C1CCC2C(=CC=C3CC(O)CCC3=C)CCCC12C,10.700670072922412
254,254,CC(=O)Oc1ccccc1C(=O)Nc2ncc(s2)[N+](=O)[O],10.177276646702808
255,255,CCCC(=O)Nc1c(I)cc(I)c(CC(CC)C(=O)O)c1I,10.03515016645765
256,256,CCCN1C(=O)NC(=O)c2[nH]cnc12,10.682878471803043
257,257,CC12CCC3C(CCc4cc(O)ccc34)C1CCC2(O)C#C,10.700643861664922
258,258,CN(C)CCOC1=Cc2cc(ccc2Sc3c1cccc3)Cl,10.756837004104407
259,259,c1cc(ccc1C2CCNCC2COc3ccc4c(c3)OCO4)F,10.555427824527982
260,260,Clc1ccccc1CN2CCc3sccc3C2,10.238053505205803
261,261,CC(C)CCCC(C)C1CCC2C(=CC=C3CC(O)CC(O)C3=C)CCCC12C,10.597743069566736
262,262,CN1C2CC(CC1C3C2O3)OC(=O)C(CO)c4ccccc4,10.711414870515926
263,263,OC(=O)C1=CN(C2CC2)c3cc(N4CCNCC4)c(F)cc3C1=O,10.689442578479092
264,264,CC(Cc1ccc(O)cc1)NCC(O)c2cc(O)cc(O)c2,10.507265255692252
265,265,CCOC(=O)C(CCc1ccccc1)NC(C)C(=O)N2Cc3cc(OC)c(OC)cc3CC2C(=O)O,10.627993149893529
266,266,CN(C)CCC(C1=CC=CC=C1)C1=CC=CC=N1,10.980837675441594
267,267,c1cc(c(c(c1)Cl)Cl)N2CCN(CC2)CCCCOc3ccc4c(c3)NC(=O)CC4,10.309588338064842
268,268,CCCC(=O)Nc1ccc(OCC(O)CNC(C)C)c(c1)C(=O)C,10.433965325651217
269,269,CC1(C(=O)N(C(=O)O1)C)C,10.80558334986066
270,270,CCN(CC)C(=O)/C(=C/c1cc(c(c(c1)O)O)[N+](=O)[O])/C#N,10.707463920121983
271,271,CCCCCCCCCCCC(CC1OC(=O)C1CCCCCC)OC(=O)C(CC(C)C)NC=O,10.572017920940663
272,272,CN(C)c1ccc2c(ccc(C=Cc3cc(C)n(c3C)c4ccccc4)[n+]2C)c1,10.11920400543685
273,273,CN(C)CCN(Cc1ccc(cc1)OC)c2ccccn2,10.795870417255612
274,274,Cc1ccc(Cl)c(Nc2ccccc2C(=O)O)c1Cl,10.775315292040458
275,275,CCCc1nn(C)c2C(=O)NC(=Nc12)c3cc(ccc3OCC)S(=O)(=O)N4CCN(C)CC4,10.713460310068042
276,276,CC(NCCc1ccc(O)cc1)C(O)c2ccc(O)cc2,10.251702137487209
277,277,CC1Cc2ccccc2N1NC(=O)c3ccc(Cl)c(c3)S(=O)(=O)N,10.027747211259694
278,278,Cc1onc(c1)C(=O)NCCc2ccc(cc2)S(=O)(=O)NC(=O)NN3CCCCCC3,10.896620725090973
279,279,CCC(C)C1(C(=O)NC(=O)NC1=O)CC,10.501217602462914
280,280,CC1C(CCN1Cc2ccccc2)NC(=O)c3cc(c(cc3OC)NC)Cl,10.403573100296056
281,281,Cc1ccsc1C(=CCCN2CCCC(C2)C(=O)O)c3c(ccs3)C,10.10645678682428
282,282,COc1cc(C)c(C=CC(=CC=CC(=CC(=O)O)C)C)c(C)c1C,10.23689942410353
283,283,COc1c(C)c2COC(=O)c2c(O)c1CC=C(C)CCC(=O)O,10.456159681897763
284,284,OCC(O)C(OC1OC(CO)C(O)C(O)C1O)C(O)C(=O)CO,10.10793583310652
285,285,COc1ccc(CCN2CCC(CC2)Nc3nc4ccccc4n3Cc5ccc(F)cc5)cc1,10.11174663871634
286,286,CC(CN(C(=O)C)c1c(I)cc(I)c(N)c1I)C(=O)O,10.128847503338372
287,287,CCS(=O)(=O)CCn1c(C)ncc1[N+](=O)[O],10.8194716988114
288,288,Cc1cccc(c1C)C(C)c2c[nH]cn2,10.146376688953483
289,289,CC(C)NCC(O)COc1ccc(COCCOC(C)C)cc1,10.875300130027522
290,290,CC12CCC3C(CCC45OC4C(=C(CC35C)C#N)O)C1CCC2O,10.458324107058539
291,291,CN(C)CC1CCCCC1(c2cccc(c2)OC)O,10.264131640281958
292,292,CCCc1nc(C)c2C(=O)NC(=Nn12)c3cc(ccc3OCC)S(=O)(=O)N4CCN(CC)CC4,10.962130369591554
293,293,Nc1ccc(C(=O)O)c(O)c1,10.791990518210657
294,294,CCN1CCCC1CNC(=O)c2c(ccc(c2OC)Br)OC,10.409951812621946
295,295,c1ccc2c(c1)c(c3c(n2)CCCC3)N,10.232236130142638
296,296,CCN(CC)CCOCCOC(=O)C1(CCCC1)c2ccccc2,10.560645365074071
297,297,CC1=C(Oc2c(cccc2C1=O)C(=O)OCCN3CCCCC3)c4ccccc4,10.591134748838448
298,298,OC(=O)COC(=O)Cc1ccccc1Nc2c(Cl)cccc2Cl,10.248415997591074
299,299,CCCCCN(C)CCC(O)(P(=O)(O)O)P(=O)(O)O,10.02620990784744
300,300,CCN(CC)CCN1C2=C(C=C(Cl)C=C2)C(=NCC1=O)C1=CC=CC=C1F,10.741621574331498
301,301,CN1c2ccccc2C(c3ccc(cc3S1(=O)=O)Cl)NCCCCCCC(=O)O,10.293532080666827
302,302,[H][C@@]12OC3=C(O)C=CC4=C3[C@@]11CCN(CC3CC3)[C@]([H])(C4)[C@]1(O)CCC2=O,10.015748927895336
303,303,CCCC(C)(COC(N)=O)COC(N)=O,10.336603252735888
304,304,CN1c2ccccc2C(=O)N(c3c1cccc3)CCN(C)C,10.393709261607421
305,305,CNCCC(c1ccccc1)Oc2ccc(cc2)C(F)(F)F,10.309239914123777
306,306,Cn1cnc2c1c(=O)n(c(=O)n2C)C,10.624031613154532
307,307,CCOC(=O)C(CCc1ccccc1)NC(C)C(=O)N2CC3(CC2C(=O)O)SCCS3,10.700239261916524
308,308,CN(C)CCCN1c2ccccc2Sc3c1cc(cc3)C(F)(F)F,10.09448960463494
309,309,CN1CCC(=C2c3ccccc3CCc4c2ccs4)CC1,10.943603535984145
310,310,C1CN2CC(N=C2S1)c3ccccc3,10.000163861351924
311,311,CCC(C)C(=O)OC1CC(C)C=C2C=CC(C)C(CCC3CC(O)CC(=O)O3)C12,10.489265715112628
312,312,CC(C)COCC(CN(Cc1ccccc1)c2ccccc2)N3CCCC3,10.304935535041212
313,313,COc1cc2c(cc1OC)C(=O)C(C2)CC3CCN(CC3)Cc4ccccc4,10.164589377121446
314,314,CC(C(c1ccccc1)O)NC,10.203537577783724
315,315,COc1ccc(OC)c(Cc2cnc3nc(N)nc(N)c3c2C)c1,10.121810206342424
316,316,c1ccc2c(c1)[nH]c(=O)n2C3=CCN(CC3)CCCC(=O)c4ccc(cc4)F,10.835066820560058
317,317,Cc1ccc(cc1)c2cc(nn2c3ccc(cc3)S(=O)(=O)N)C(F)(F)F,10.041893830262792
318,318,CC(C)(C)NCC(O)c1cc(Cl)c(N)c(Cl)c1,10.733174508382588
319,319,OC(=O)c1cc(ccc1O)c2ccc(F)cc2F,10.409851212919783
320,320,CC1=CN(C2OC(CO)C=C2)C(=O)NC1=O,10.898107674581187
321,321,NC(=O)c1ncn(n1)C2OC(CO)C(O)C2O,10.163903138423827
322,322,CCCCNC(=O)NS(=O)(=O)c1ccc(C)cc1,10.170502646762733
323,323,CC1(C)SC2C(NC(=O)C(N)c3ccccc3)C(=O)N2C1C(=O)O,10.955646332523175
324,324,Cn1c2c(c(=O)n(c1=O)C)[nH]cn2,10.032590432177313
325,325,c1ccc2c(c1)c(c[nH]2)C(=O)OC3CC4CC5CC(C3)N4CC5=O,10.538909426489809
326,326,CN(CS(=O)(=O)O)C1=C(C)N(C)N(C1=O)c2ccccc2,10.150007553632694
327,327,Cn1c2ccccc2c(n1)C(=O)NC3CC4CCCC(C3)N4C,10.259983967699052
328,328,CCOC(=O)Nc1ccc(nc1N)NCc2ccc(cc2)F,10.88712879102548
329,329,Fc1ccc(cc1)C(N2CCN(CC2)c3nc(NCC=C)nc(NCC=C)n3)c4ccc(F)cc4,10.19149998627047
330,330,Cc1c(Cl)cccc1Nc2ncccc2C(=O)O,10.641481227583382
331,331,c1c(scn1)CCCl,10.3527552878873
332,332,CCOC(=O)C(CCc1ccccc1)NC2CCCN3CCCC(N3C2=O)C(=O)O,10.704327887627436
333,333,OCCOCCN1CCN(CC1)C(C1=CC=CC=C1)C1=CC=C(Cl)C=C1,10.336654306978135
334,334,CN1CCC(CC1)OC(c2ccccc2)c3ccccc3,10.635879679171827
335,335,CCCC(CCC)C(=O)O,10.168444649081879
336,336,OC(=O)CN(CCN(CC(=O)O)CC(=O)O)CC(=O)O,10.200759640595864
337,337,CC12Cc3cnoc3C=C1CCC4C2CCC5(C)C4CCC5(O)C#C,10.10959720233656
338,338,CC(C(=O)O)c1ccc2oc(nc2c1)c3ccc(Cl)cc3,10.011570894716094
339,339,Nc1ccc(cc1)S(=O)(=O)c2ccc(N)cc2,10.139334036066003
340,340,CN1CCN(CC(=O)N2C3=CC=CC=C3C(=O)NC3=C2N=CC=C3)CC1,10.079718283540085
341,341,CC(=O)Nc1ccc(C=NNC(=S)N)cc1,10.510247951676464
342,342,C=CCN1CCC23CCCCC2C1Cc4c3cc(cc4)O,10.250988937953409
343,343,[O][N+](=O)OCCNC(=O)c1cccnc1,10.84696320556912
344,344,CCOC(=O)C1(CCC=CC1N(C)C)c2ccccc2,10.753588645519578
345,345,CON=C(C(=O)NC1C2SCC(=C(N2C1=O)C(=O)OCOC(=O)C(C)(C)C)C=Cc3scnc3C)c4csc(N)n4,10.557648181964538
346,346,CN1CCCC(C1)CC2c3ccccc3Sc4c2cccc4,10.357522548873026
347,347,CCN(CC)CCCC(C)Nc1ccnc2cc(Cl)ccc12,10.126402793852831
348,348,CCC1(C(=O)NC(=O)NC1=O)CCC(C)C,10.985172600646559
349,349,CC(C)(C)NCC(O)c1onc(Br)c1,10.04591887621077
350,350,CCOC(=O)C1(CCN(CC1)CCC(c2ccccc2)O)c3ccccc3,10.318158782257282
351,351,Oc1ccc(cc1)c2sc3cc(O)ccc3c2C(=O)c4ccc(OCCN5CCCCC5)cc4,10.921472853404875
352,352,CC(c1ccccc1)(c2ccccn2)OCCN(C)C,10.479279075867241
353,353,Fc1ccc2OCCC3(NC(=O)NC3=O)c2c1,10.57323911943557
354,354,CC(=O)OCC(CCn1cnc2cnc(N)nc12)COC(=O)C,10.33292130894828
355,355,OC(=O)c1cccnc1Nc2cccc(c2)C(F)(F)F,10.861559381029776
356,356,CN1c2ccc(cc2C(=NC(C1=O)O)c3ccccc3)Cl,10.248409849995566
357,357,OC1=C(C2CCC(CC2)c3ccc(Cl)cc3)C(=O)c4ccccc4C1=O,10.48792983759384
358,358,CN(C)CCCN1c2ccccc2Sc3c1cccc3,10.477245245782372
359,359,COc1cc2nc(nc(N)c2cc1OC)N3CCN(CC3)C(=O)C4CCCO4,10.190581970146003
360,360,CNC(=NCCSCc1nc[nH]c1C)NC#N,10.627428378709716
361,361,CCC1OC(=O)C(C)C(OC2CC(C)(OC)C(O)C(C)O2)C(C)C(OC3OC(C)CC(C3O)N(C)C)C(C)(O)CC(C)C(=O)C(C)C(O)C1(C)O,10.604297669965574
362,362,CC(Cc1ccccc1)N(C)CC#C,10.984124796145865
363,363,CN(C)CCCN1C2=CC=CC=C2CCC2=CC=CC=C12,10.516865372537028
364,364,CC12CCC3C(CCC4=C(O)C(=O)CCC34C)C1CCC2=O,10.49753991280265
365,365,CON=C(C(=O)NC1C2SCC(=C(N2C1=O)C(=O)O)C=Cc3scnc3C)c4csc(N)n4,10.974533691318422
366,366,CN1C(=C(O)c2sccc2S1(=O)=O)C(=O)Nc3ccccn3,10.48761623726559
367,367,CN1CCC23c4c5ccc(c4OC2C(=O)CCC3(C1C5)O)OC,10.443176787299958
368,368,COCCC1=CC=C(OCC(O)CNC(C)C)C=C1,10.883175039097186
369,369,COc1cc2nc(nc(N)c2cc1OC)N3CCN(CC3)C(=O)c4occc4,10.579381597765131
370,370,CCCCCc1cc(O)c2C3C=C(C)CCC3C(C)(C)Oc2c1,10.9496291294156
371,371,NC1=CC(=NC(=N)N1O)N2CCCCC2,10.31928295649671
372,372,NC(=N)NC(=O)Cc1c(Cl)cccc1Cl,10.216035609514257
373,373,CCCC(NC(C)C(=O)N1C2CCCCC2CC1C(=O)O)C(=O)OCC,10.114135890053777
374,374,CCCCC(=O)N(Cc1ccc(cc1)c2ccccc2c3nnn[nH]3)C(C(C)C)C(=O)O,10.536982211019536
375,375,CN(C)CCC=C1c2ccccc2CCc3c1cccc3,10.533277455340576
376,376,CC(N)C(=O)NC1=C(C)C=CC=C1C,10.080310084943777
377,377,c1ccc(cc1)C(c2ccccc2)S(=O)CC(=O)N,10.756391003682866
378,378,C(N(Cc1ccccc1)c2ccccc2)C3=NCCN3,10.669009800014598
379,379,OCC(O)CO,10.219169721249727
380,380,CCN(C)C(=O)Oc1cccc(c1)C(C)N(C)C,10.28836560945064
381,381,Nc1ncnc2c1ncn2CCOCP(=O)(O)O,10.702817331889117
382,382,OC(=O)CCC(=O)c1ccc(cc1)c2ccccc2,10.307336238602058
383,383,CCN(CC)C(=O)N1CCN(C)CC1,10.48362432612043
384,384,CCC(=O)N(C1CCN(CCC2=CC=CC=C2)CC1)C1=CC=CC=C1,10.842872182424095
385,385,C[n+]1ccccc1C=NO,10.677349089848512
386,386,CC(C)[N+](C)(CCC(C(=O)N)(c1ccccc1)c2ccccc2)C(C)C,10.291926716685627
387,387,CC(C)N(CCC(C(=O)N)(c1ccccc1)c2ccccn2)C(C)C,10.537427509869067
388,388,CC12CCC3C(CCc4cc(O)ccc34)C1CCC2O,10.193919851896526
389,389,COC1C=COC2(C)Oc3c(C)c(O)c4c(O)c(NC(=O)C(=CC=CC(C)C(O)C(C)C(O)C(C)C(OC(=O)C)C1C)C)c5c(nc6cc(C)ccn56)c4c3C2=O,10.039856663036838
390,390,CC(C)NCC(O)COC1=CC=C(NC(C)=O)C=C1,10.619874152834639
391,391,CC(C)NCC(O)c1ccc(O)c(O)c1,10.691532363544548
392,392,CC(=O)C1CCC2C3C=CC4=CC(=O)CCC4(C)C3CCC12C,10.94967168117977
393,393,CCN1C=C(C(=O)O)C(=O)c2cc3OCOc3cc12,10.730439322607374
394,394,OC(=O)CCCC1=CC=C(C=C1)N(CCCl)CCCl,10.25339453443597
395,395,CN1C(=C(OC(=O)C(C)(C)C)c2ccccc2S1(=O)=O)C(=O)Nc3ccccn3,10.11170502345589
396,396,CCCCCCCCOc1ccccc1C(=O)Nc2ccc(cc2)C(=O)OCC[N+](C)(CC)CC,10.383017915238353
397,397,CCc1nn(c(=O)n1CCOc2ccccc2)CCCN3CCN(CC3)c4cccc(c4)Cl,10.825647303759961
398,398,c1cc(ccc1n2cc(c3c2ccc(c3)Cl)C4CCN(CC4)CCN5CCNC5=O)F,10.431487467388258
399,399,NNC(=O)c1ccncc1,10.744660063125131
400,400,CCN(CC)CCCC(C)Nc1c2ccc(Cl)cc2nc3ccc(OC)cc13,10.919174857042805
401,401,CC(CN1c2ccccc2Sc3c1cccc3)N(C)C,10.429723272819762
402,402,CC1CN(CC(C)N1)c2c(F)c(N)c3C(=O)C(=CN(C4CC4)c3c2F)C(=O)O,10.955089677331083
403,403,CCN1CC(C(C1=O)(c2ccccc2)c3ccccc3)CCN4CCOCC4,10.494362907193395
404,404,CCC(CO)NC(=O)C1CN(C2Cc3cn(c4c3c(ccc4)C2=C1)C)C,10.44319370262431
405,405,COC(=O)C1C2CCC(N2CCCF)CC1c3ccc(cc3)I,10.505041188694623
406,406,CC(C)(C)NCC(O)COc1cccc2NC(=O)CCc12,10.544727071985937
407,407,CS(=O)(=O)OCCCCOS(=O)(=O)C,10.82023598975185
408,408,CCN1C=C(C(=O)O)C(=O)c2ccc(C)nc12,10.916273695841157
409,409,NC1C(O)OC(CO)C(O)C1O,10.031304610882252
410,410,CN(C)CCCN1c2ccccc2Sc3c1cc(cc3)Cl,10.266408831594266
411,411,FC(F)(F)COc1ccc(OCC(F)(F)F)c(c1)C(=O)NCC2CCCCN2,10.596942351508641
412,412,CC12CC3CC(C1)(CC(C3)(C2)N)C,10.677755698757734
413,413,CC(C)C1=C(C)N(C)N(C1=O)c2ccccc2,10.364162173685518
414,414,CNCCC(c1cccs1)Oc2cccc3c2cccc3,10.156697687311448
415,415,CCCC(=O)N1CCCN(CC1)c2nc(N)c3cc(OC)c(OC)cc3n2,10.793045369381769
416,416,CC(=Cc1ccccc1)C=C2SC(=S)N(CC(=O)O)C2=O,10.601926043972155
417,417,CN(C)CCCN1C2=CC=CC=C2SC2=C1C=C(Cl)C=C2,10.654406160795086
418,418,CCCCc1ncc(C=C(Cc2cccs2)C(=O)O)n1Cc3ccc(cc3)C(=O)O,10.506103436457721
419,419,CCC(=C(c1ccccc1)c2ccc(OCCN(C)C)cc2)c3ccccc3,10.99282186299442
420,420,CC(C)c1nc(nc(c2ccc(F)cc2)c1C=CC(O)CC(O)CC(=O)O)N(C)S(=O)(=O)C,10.256097357841378
421,421,CC(=O)Nc1nnc(s1)S(=O)(=O)N,10.7563655478205
422,422,COC(=O)C(Cc1ccccc1)NC(=O)C(N)CC(=O)O,10.635453525783998
423,423,CCc1oc2ccccc2c1C(=O)c3cc(Br)c(O)c(Br)c3,10.546974355996554
424,424,c1cc2c3c(c1)C(=O)N(CC3CCC2)C4CN5CCC4CC5,10.108222894188538
425,425,CN1C(=C(O)c2ccccc2S1(=O)=O)C(=O)Nc3ccccn3,10.17041387238591
426,426,S=C1NC=Nc2nc[nH]c12,10.486098210678168
427,427,COCC1=C(N2C(SC1)C(NC(=O)C(=NOC)c3csc(N)n3)C2=O)C(=O)O,10.995049251106423
428,428,CON=C1CN(CC1CN)c2nc3N(C=C(C(=O)O)C(=O)c3cc2F)C4CC4,10.2376817366283
429,429,CC(C)NCC(O)COC1=CC=CC=C1OCC=C,10.04891683849138
430,430,CCC(C)CCCC(=O)NC(CCN)C(=O)NC(C(C)O)C(=O)NC(CCN)C(=O)NC1CCNC(=O)C(NC(=O)C(CCN)NC(=O)C(CCN)NC(=O)C(CC(C)C)NC(=O)C(CC(C)C)NC(=O)C(CCN)NC1=O)C(C)O,10.368706609742821
431,431,Cc1nccn1CC2CCc3c(c4ccccc4n3C)C2=O,10.92241609112547
432,432,CN1CCN(CC1)/C=C\2/C(=O)N3c4ccc(cc4C(=NCC3=N2)c5ccccc5Cl)[N+](=O)[O],10.864818065834463
433,433,CCN(CC)CCOC(=O)C1(CCCCC1)C2CCCCC2,10.933916414592598
434,434,CC(C)NCC(O)COC1=CC=C(CC(N)=O)C=C1,10.951227604738234
435,435,NS(=O)(=O)c1cc2c(NCNS2(=O)=O)cc1C(F)(F)F,10.320964995902218
436,436,CC1=NN=C2CN=C(C3=CC=CC=C3Cl)C3=C(C=CC(Cl)=C3)N12,10.14908181715051
437,437,CCC(=O)N(c1ccccc1)C2CCN(CC2)CCc3ccccc3,10.21211498633645
438,438,[H][C@@]12CC[C@@](O)(C#C)[C@@]1(C)CC[C@]1([H])C3=C(CC[C@@]21[H])C=C(O)C=C3,10.973800795339947
439,439,CCC1(C(=O)N(C(=O)O1)C)C,10.72264298136292
440,440,CC(C)NCC(O)COc1ccc(CC(=O)N)cc1,10.296276951587442
441,441,CN(C)CCOC1=Cc2ccccc2Sc3c1cc(cc3)Cl,10.013894099278483
442,442,COc1cc(Br)c(C[N+]2(CCOCCC3CCC4CC3C4(C)C)CCOCC2)cc1OC,10.334225360806974
443,443,[O-][N+](=O)C1=CC2=C(NC(=O)CN=C2C2=CC=CC=C2)C=C1,10.43485832252148
444,444,CC(=O)Oc1ccc2c3c1OC4C35CCN(C(C2)C5C=CC4OC(=O)C)C,10.532438742665176
445,445,CNC1=Nc2ccc(cc2C(=[N+](C1)[O])c3ccccc3)Cl,10.857616305937258
446,446,c1ccc2c(c1)C3=NCCN3C2(c4ccc(cc4)Cl)O,10.629416419323048
447,447,CN(C)CCc1c[nH]c2c1cc(cc2)CS(=O)(=O)N3CCCC3,10.02611307917316
448,448,CCN1C=C(C(=O)O)C(=O)c2cc(F)c(nc12)N3CCNCC3,10.715372863716842
449,449,CC(=O)NC(CS)C(=O)O,10.311816435282042
450,450,CN1CCC(C1)CN2c3ccccc3Sc4c2cccc4,10.009189101698613
451,451,NC1=NC(=O)N(C=C1F)C2CSC(CO)O2,10.850311878373244
452,452,CC(C)(C)NCC(O)c1cc(O)cc(O)c1,10.157177605362769
453,453,O=C(O)c1ccc2[nH]cc(CCCCN3CC=C(c4ccccc4)CC3)c2c1,10.762603924611913
454,454,CCCC(C)(COC(=O)N)COC(=O)N,10.296994946038787
455,455,CC(C)(C)C(=O)OCOC(=O)C1N2C(SC1(C)C)C(N=CN3CCCCCC3)C2=O,10.675722355309238
456,456,CCN(CC)c1cc(C)nc2ncnn12,10.872951026872544
457,457,CN1CCOC(c2ccccc2C1)c3ccccc3,10.958280611648584
458,458,CC(C)CC1(C(=O)NC(=O)NC1=O)CC=C,10.42201933080093
459,459,Oc1c(I)cc(I)c2cccnc12,10.997907806269591
460,460,c1ccc(cc1)CCNN,10.761312278057382
461,461,CC(C)(CO)C(O)C(=O)NCCCO,10.774883595569516
462,462,COc1ccc2cc(CCC(=O)C)ccc2c1,10.534738174627158
463,463,CC=CC1=C(N2C(SC1)C(NC(=O)C(N)c3ccc(O)cc3)C2=O)C(=O)O,10.167217983332911
464,464,OCC1OC(C(O)C1O)N2C=C(C=CBr)C(=O)NC2=O,10.889813518376688
465,465,CCN(CC)Cc1nccn1c2ccc(cc2C(=O)c3ccccc3Cl)[N+](=O)[O],10.991662434007267
466,466,CN1N=Nc2c(ncn2C1=O)C(=O)N,10.428492328997113
467,467,CN1c2ccc(cc2C(=NCC1COC)c3ccccc3Cl)Br,10.882339120226407
468,468,Cc1ccccc1C(c2ccccc2)OCCN(C)C,10.54748186960647
469,469,CCN1CCCC1CNC(=O)c2cc(c(cc2OC)N)S(=O)(=O)CC,10.266226451883623
470,470,CC1CCCC(C)N1CCCC(O)(c2ccccc2)c3ccccn3,10.940849218790667
471,471,OC(=O)Cc1ccc(cc1)c2ccccc2,10.784822366660459
472,472,CS(=O)(=O)Nc1ccc(cc1Oc2ccccc2)[N+](=O)[O],10.843629620496522
473,473,Cc1noc(NS(=O)(=O)c2ccc(N)cc2)c1C,10.616569553336932
474,474,CC(C)CC1C(=O)N2CCCC2C3(N1C(=O)C(O3)(C(C)C)NC(=O)C4CC5c6cccc7c6c(c[nH]7)CC5N(C4)C)O,10.771802629229681
475,475,CC1(C)SC2C(NC(=O)COc3ccccc3)C(=O)N2C1C(=O)O,10.124899288508216
476,476,CC1CC2C3CC(F)C4=CC(=O)C=CC4(C)C3C(O)CC2(C)C1C(=O)CO,10.971837394892427
477,477,c1cnc(nc1)N2CCN(CC2)CCCCN3C(=O)C4C5CCC(C5)C4C3=O,10.26443228065065
478,478,COc1ccccc1OCC(COC(=O)N)O,10.892458269846282
479,479,FC1=CN(C2CCCO2)C(=O)NC1=O,10.020163064757732
480,480,CNS(=O)(=O)Cc1ccc2c(c1)c(c[nH]2)CCN(C)C,10.369983597168979
481,481,CCC(=O)N(c1ccccc1)C2(CCN(CC2)CCC(=O)OC)C(=O)OC,10.322916296657102
482,482,CNCCCC1c2ccccc2C=Cc3c1cccc3,10.07309649743129
483,483,CC(CCc1ccccc1)NC(C)C(O)c2ccc(O)cc2,10.74723743061171
484,484,Cc1cccc(c1)CN2CCN(CC2)C(c3ccccc3)c4ccc(cc4)Cl,10.779539510587254
485,485,N=C(N)N1CCC[C@@H](CNC(=O)C[C@H](NS(=O)(=O)c2ccc3ccccc3c2)C(=O)N(CC(=O)O)C2CC2)C1,10.761463036470229
486,486,CC12CC(O)C3C(CC(F)C4=CC(=O)C=CC34C)C1CCC2(O)C(=O)CO,10.304182439393058
487,487,[H][C@@]12OC3=C(O)C=CC4=C3[C@@]11CCN(C)[C@]([H])(C4)[C@]1([H])C=C[C@@H]2O,10.767274482503248
488,488,CCOC(=O)N1C=CN(C)C1=S,10.97824796434915
489,489,CCCC(C)C1(C(=O)NC(=O)NC1=O)CC,10.669453931888734
490,490,c1cc(ccc1OCC(CO)O)Cl,10.933504314950314
491,491,Nc1ccc(O)c(c1)C(=O)O,10.001966581535537
492,492,CN1CCC23c4c5ccc(c4OC2C(=O)CCC3C1C5)O,10.300857655202742
493,493,OCC(O)CN1CCN(CC1)c2ccccc2,10.391823914278213
494,494,CN1CCC23c4c5ccc(c4OC2C(C=CC3C1C5)O)OC,10.743407575285985
495,495,CN(CCCCCCN(C)C(=O)Oc1ccc[n+](C)c1)C(=O)Oc2ccc[n+](C)c2,10.213265475273296
496,496,CCc1ccc(CCOc2ccc(CC3SC(=O)NC3=O)cc2)nc1,10.340603043689343
497,497,CCN(CCCCOC(=O)c1ccc(OC)c(OC)c1)C(C)Cc2ccc(OC)cc2,10.30095421276966
498,498,Clc1ccc2C(=C3CCNCC3)c4ncccc4CCc2c1,10.222858965099823
499,499,CC12CCC(=O)C=C1CCC3C4CCC(O)(C(=O)CO)C4(C)CC(=O)C23,10.393749624922483
500,500,CN(C)CCCN1C2=CC=CC=C2CCC2=C1C=C(Cl)C=C2,10.558811580060032
501,501,CON=C(C(=O)NC1C2SCC(=C(N2C1=O)C(=O)OC(C)OC(=O)C)COC(=O)N)c3occc3,10.215575694053364
502,502,Cc1nnc2n1c3c(cc(s3)Br)C(=NC2)c4ccccc4Cl,10.788568251411684
503,503,CC(C)(C)c1ccc(cc1)C(=O)CCCN2CCC(CC2)OC(c3ccccc3)c4ccccc4,10.466140000744332
504,504,[O][N+](=O)OCC(O[N+](=O)[O])C(CO[N+](=O)[O])O[N+](=O)[O],10.326291628766308
505,505,Cc1ccc(C)c(OCCCC(C)(C)C(=O)O)c1,10.22187898513803
506,506,CC(CCC1=CC=CC=C1)NCC(O)C1=CC(C(N)=O)=C(O)C=C1,10.571155752794004
507,507,CC(C)C(N)C(=O)OCCOCn1cnc2C(=O)NC(=Nc12)N,10.37721646907502
508,508,NC1=NC(=O)N(C=N1)C2OC(CO)C(O)C2O,10.640643062384598
509,509,CC[N+](CC)(CC)CCC(O)(C1CCCCC1)c2ccccc2,10.402776615065006
510,510,CC(C)NCC(O)COc1ccccc1CC=C,10.271796512016854
511,511,CN(C)CCCN1c2ccccc2CCc3c1cc(cc3)Cl,10.013923101950667
512,512,[O][N+](=O)c1nccn1CC(=O)NCc2ccccc2,10.12359627847964
513,513,CC(C(O)=O)C1=CC(OC2=CC=CC=C2)=CC=C1,10.309018154337561
514,514,Cc1ccc(cc1)/C(=C/CN2CCCC2)/c3ccccn3,10.652756333306588
515,515,Cc1onc(c1)C(=O)NCCc2ccc(cc2)S(=O)(=O)NC(=O)NC3CCCCC3,10.935949840984636
516,516,CC(C)(S)C(N)C(=O)O,10.664732227840847
517,517,COc1ccc(cc1)C(=C(c2ccc(OC)cc2)c3ccc(OC)cc3)Cl,10.747082509511447
518,518,CC(C)(Oc1ccc(CCNC(=O)c2ccc(Cl)cc2)cc1)C(=O)O,10.34056656953666
519,519,C1C(CN(C1=O)CC(=O)N)O,10.698054766580846
520,520,CN1C2CCC1CC(C2)OC(c3ccccc3)c4ccccc4,10.749216367832481
521,521,CC(C)OC(=O)C(C)(C)Oc1ccc(cc1)C(=O)c2ccc(Cl)cc2,10.932029414086358
522,522,OC1COC2C(COC12)O[N+](=O)[O],10.698379603739602
523,523,C(C(F)(F)F)(OC(F)F)F,10.778122787411338
524,524,c1ccc2c(c1)c(no2)CS(=O)(=O)N,10.494394064790272
525,525,CN(C(=O)Cc1ccc(Cl)c(Cl)c1)C(CN1CCCC1)c1cccc(OCC(=O)O)c1,10.27784753258522
526,526,CN(C)CCOC(c1ccccc1)c2ccc(cc2)Br,10.05781566538118
527,527,Nc1nc(O)c2N(C=O)C(CNc3ccc(cc3)C(=O)NC(CCC(=O)O)C(=O)O)CNc2n1,10.192399481280741
528,528,CC(=O)OCC1OC(C(OC(=O)C)C1OC(=O)C)N2N=CC(=O)NC2=O,10.131428283151633
529,529,OC(CCN1CCCCC1)(C1CC2CC1C=C2)C1=CC=CC=C1,10.534919560798208
530,530,CCC(C)N1N=CN(C1=O)c2ccc(cc2)N3CCN(CC3)c4ccc(OCC5COC(Cn6cncn6)(O5)c7ccc(Cl)cc7Cl)cc4,10.06407317624689
531,531,C[N+]1(C)CCN(CC(O)(C2CCCCC2)c3ccccc3)CC1,10.467281901456914
532,532,OS(=O)(=O)OCC1OC(OC2(COS(=O)(=O)O)OC(OS(=O)(=O)O)C(OS(=O)(=O)O)C2OS(=O)(=O)O)C(OS(=O)(=O)O)C(OS(=O)(=O)O)C1OS(=O)(=O)O,10.23429537192182
533,533,CCCCCCCCCCCCCCCCOP(=O)(O)OCC[N+](C)(C)C,10.529623460710978
534,534,COc1cc(N)c(Cl)cc1C(=O)NC2CCN(Cc3ccccc3)CC2,10.017734093954362
535,535,COc1ccc(CCNCC(O)COc2cccc(C)c2)cc1OC,10.001019301697983
536,536,COc1c(N2CC3CCCNC3C2)c(F)cc4C(=O)C(=CN(C5CC5)c14)C(=O)O,10.954231630595018
537,537,OC(=O)CCc1oc(c2ccccc2)c(n1)c3ccccc3,10.150733425953447
538,538,CC(C1Nc2cc(Cl)c(cc2S(=O)(=O)N1)S(=O)(=O)N)c3ccccc3,10.672254001497235
539,539,CC1CC2=CC(=O)CCC2(C)C3CCC4(C)C(CCC4(C)O)C13,10.92435991298289
540,540,CN1CCC23c4c5ccc(c4OC2C(CCC3C1C5)O)OC,10.051206336198552
541,541,CC(C)(C)C1=CC=C(C=C1)C(=O)CCCN1CCC(CC1)OC(C1=CC=CC=C1)C1=CC=CC=C1,10.729289701295414
542,542,CN(C(=O)C(Cl)Cl)c1ccc(O)cc1,10.468002945302901
543,543,COc1ccc2c(c1)c(CC(=O)O)c(C)n2C(=O)c3ccc(Cl)cc3,10.53547443551833
544,544,c1cc2c(c(c1)OCC3CNCCO3)CC=C2,10.530099493751209
545,545,CN1CC(O)C2=CC(=NNC(=O)N)C(=O)C=C12,10.819264571638483
546,546,c1ccc(cc1)C(COC(=O)N)COC(=O)N,10.233454255426464
547,547,CC(C)(C)NCC(O)C1=CC(O)=CC(O)=C1,10.91996325820995
548,548,Oc1ccc2[nH]cc(CCCCN3CC=C(c4ccccc4)CC3)c2c1,10.604540374607017
549,549,CC(=O)Oc1cc(C)c(OC(=O)C)c2ccccc12,10.88497081995003
550,550,OS(=O)(=O)CCS,10.455757355154345
551,551,CN1CCc2cccc3c2C1Cc4c3c(c(cc4)O)O,10.822412995171737
552,552,CC(O)(CS(=O)(=O)c1ccc(F)cc1)C(=O)Nc2ccc(C#N)c(c2)C(F)(F)F,10.903545219692383
553,553,Cc1ccc(cc1)S(=O)(=O)NC(=O)NN2CC3CCCC3C2,10.872301918650109
554,554,CN(C)CCC(c1ccc(cc1)Cl)c2ccccn2,10.30311001211532
555,555,CC1=C(C(C(=C(N1)C)C(=O)OC(C)C)c2cccc(c2)[N+](=O)[O])C(=O)OCCOC,10.943154584156984
556,556,CC(CS)C(=O)N1CCCC1C(=O)O,10.049509712113435
557,557,CC(O)C(O)C1CNC2=C(N1)C(=O)NC(=N2)N,10.197011619284675
558,558,NC(C(=O)NC1C2SCC(=C(N2C1=O)C(=O)O)Cl)c3ccccc3,10.237481771663886
559,559,Cc1ccc(cn1)c2ncc(Cl)cc2c3ccc(cc3)S(=O)(=O)C,10.417035300777785
560,560,OC[C@@H](NC(=O)C(Cl)Cl)[C@H](O)C1=CC=C(C=C1)[N+]([O-])=O,10.785124736106349
561,561,CCOC(=O)C1=C(C)NC(C)=C(C1C1=CC(=CC=C1)[N+]([O-])=O)C(=O)OC,10.045003919011204
562,562,[O][N+](=O)OCC(CO[N+](=O)[O])(CO[N+](=O)[O])CO[N+](=O)[O],10.524623084374193
563,563,CCOC(=O)C(CCc1ccccc1)NC(C)C(=O)N2C3CCCC3CC2C(=O)O,10.969433992580802
564,564,Cc1nnc2n1c3ccc(cc3C(=NC2)c4ccccc4Cl)Cl,10.448188767665464
565,565,O=C1NC=Nc2[nH]ncc12,10.76700049954894
566,566,c1ccc2c(c1)[nH]c(=O)n2C3CCN(CC3)CCCC(=O)c4ccc(cc4)F,10.258375267891516
567,567,OC(CBr)C(O)C(O)C(O)CBr,10.93321925025493
568,568,CC(=O)c1ccc(cc1)S(=O)(=O)NC(=O)NC2CCCCC2,10.05158268474427
569,569,CNCCCN1C2=CC=CC=C2CCC2=CC=CC=C12,10.1122494670101
570,570,Cc1c(c(=O)n2c(n1)CCCC2)CCN3CCC(CC3)c4c5ccc(cc5on4)F,10.460963402923776
571,571,Cc1c(c2cc(c(cc2[nH]1)OC)OC)CCN3CCN(CC3)c4ccccc4,10.44460582463168
572,572,c1ccc(cc1)N2CNC(=O)C23CCN(CC3)CCCC(c4ccc(cc4)F)c5ccc(cc5)F,10.481572164897873
573,573,CC[N+](C)(C)C(C)CC(c1ccccc1)c2ccccc2,10.445573297779408
574,574,CC(C)CC1C(=O)N2CCCC2C3(N1C(=O)C(O3)(C(C)C)NC(=O)C4CN(C5Cc6c7c(cccc7[nH]c6Br)C5=C4)C)O,10.630906024712791
575,575,CCCC(CCC)C(=O)OC1CC2CCC(C1)[N+]2(C)C,10.859939304848501
576,576,Cc1onc(c2ccccc2)c1C(=O)NC3C4SC(C)(C)C(N4C3=O)C(=O)O,10.548793683013859
577,577,CNCCC(OC1=CC=C(C=C1)C(F)(F)F)C1=CC=CC=C1,10.49653655442702
578,578,OC(=O)Cc1nn(cc1c2ccc(Cl)cc2)c3ccc(F)cc3,10.190031738518254
579,579,CC[N+](CC)(CCNC(=O)C(=O)NCC[N+](CC)(CC)Cc1ccccc1Cl)Cc2ccccc2Cl,10.600361125289147
580,580,Nc1nc(cs1)C(=NOCC(=O)O)C(=O)NC2C3SCC(=C(N3C2=O)C(=O)O)C=C,10.198952674512196
581,581,CCOC1=CC=C(NC(C)=O)C=C1,10.424312234040576
582,582,ClCCN(CCCl)C1=CNC(=O)NC1=O,10.378579591040477
583,583,C1CC(=O)N(C1)CC(=O)N,10.023050798575532
584,584,CCCCC(=O)O[C@H]1CC[C@H]2[C@@H]3CCc4cc(O)ccc4[C@H]3CC[C@]12C,10.257348825811006
585,585,CN1c2ccc(cc2C(=NCC1=O)c3ccccc3F)[N+](=O)[O],10.783728982094635
586,586,CC(C)(C)NC(=O)C1CN(Cc2cccnc2)CCN1CC(O)CC(Cc3ccccc3)C(=O)NC4C(O)Cc5ccccc45,10.966264945456361
587,587,CCC(=O)OC(Cc1ccccc1)(c2ccccc2)C(C)CN(C)C,10.391528331384553
588,588,CC(=O)OCC(=O)C1(O)C(CC2C3CCC4=CC(=O)C=CC4(C)C3(F)C(O)CC12C)OC(=O)C,10.376129779167973
589,589,CC1CCN(CC1)CCCC(=O)c2ccc(cc2)F,10.771197793913164
590,590,NC1=Nc2nc[nH]c2C(=S)N1,10.841586870790282
591,591,Nc1nc(cs1)C(=CCC(=O)O)C(=O)NC2C3SCC=C(N3C2=O)C(=O)O,10.254256553048153
592,592,CN1CCN2c3c(cccn3)Cc4ccccc4C2C1,10.362951233900612
593,593,CN(C)CCOC(c1ccccc1)c2ccccc2,10.228737414866249
594,594,CC12CCC3C(CCc4cc(OC5CCCC5)ccc34)C1CCC2(O)C#C,10.554902969177421
595,595,NCC1OC(OC2C(O)C(OC3C(O)C(N)CC(N)C3OC4OC(CN)C(O)C(O)C4N)OC2CO)C(N)C(O)C1O,10.449243460521831
596,596,CC(C)CCCC(C)C1CCC2C(=CC=C3CC(O)CCC3=C)CCCC12C,10.667994278287066
597,597,c1ccc2c(c1)c(ns2)N3CCN(CC3)CCCCN4C(=O)C5CCCCC5C4=O,10.723391195648226
598,598,Cc1ccc(cc1)c2c(n3cc(ccc3n2)C)CC(=O)N(C)C,10.834293496482951
599,599,C=CCN1CCc2c(sc(n2)N)CC1,10.209586088969823
600,600,NC(Cc1cc(I)c(Oc2cc(I)c(O)c(I)c2)c(I)c1)C(=O)O,10.922861715060026
601,601,[H][C@@]12CC[C@H](O)[C@@]1(C)CC[C@@]1([H])[C@@]2([H])CCC2=CC(=O)CC[C@]12C,10.86578722972096
602,602,CN1CCN(CC1)c2c(F)cc3C(=O)C(=CN(CCF)c3c2F)C(=O)O,10.234305764166706
603,603,c1cc(c(c(c1)Cl)Cl)c2c(nc(nn2)N)N,10.397121236380393
604,604,CC(C)NC(=O)NS(=O)(=O)c1cnccc1Nc2cccc(C)c2,10.918867486394822
605,605,CC1C2C(O)C3C(N(C)C)C(=C(C(=O)N)C(=O)C3(O)C(=C2C(=O)c4c(O)cccc14)O)O,10.252417004384228
606,606,CCN(CC)CC#CCOC(=O)C(O)(C1CCCCC1)c2ccccc2,10.547928173648996
607,607,NC(Cc1cc(I)c(Oc2ccc(O)c(I)c2)c(I)c1)C(=O)O,10.922298152958708
608,608,c1ccc(c(c1)C2=NC(C(=O)Nc3c2cc(cc3)Cl)O)Cl,10.014280668938907
609,609,CC1=CC(=O)N2CC(=O)N(c3ccc(cc3C2(O1)c4ccccc4)Cl)C,10.942559563603444
610,610,CC(=O)Oc1ccc(cc1)C(=C2CCCCC2)c3ccc(OC(=O)C)cc3,10.515700775302598
611,611,CC(COc1ccccc1)N(CCCl)Cc2ccccc2,10.655074729642502
612,612,CN1CCN(CC1)C(c2ccccc2)c3ccccc3,10.871502392797895
613,613,CC1(C)SC2C(N3C(=O)C(NC3(C)C)c4ccccc4)C(=O)N2C1C(=O)O,10.35747777325348
614,614,CN(C)CCOc1ccc(cc1)C(=C(CCCl)c2ccccc2)c3ccccc3,10.412092838071866
615,615,CC(=O)OC1=CC=CC=C1C(O)=O,10.480561148985938
616,616,Cn1cnc(c1Sc2ncnc3[nH]cnc23)[N+](=O)[O],10.992479600980875
617,617,C=CC(CCC(=O)O)N,10.475703553352952
618,618,c1ccc(cc1)/C=C/CN2CCN(CC2)C(c3ccccc3)c4ccccc4,10.343028326815439
619,619,CC1OC(=O)CC(O)CC(O)CCC(O)C(O)CC(O)CC2(O)CC(O)C(C(CC(OC3OC(C)C(O)C(N)C3O)C=CC=CC=CC=CC=CC=CC=CC(C)C(O)C1C)O2)C(=O)O,10.338140301931329
620,620,CCC1(C(=O)NC(=O)NC1=O)c2ccccc2,10.127609296382087
621,621,C1CCC(CC1)(CC(=O)O)CN,10.365136807331613
622,622,CC(CCC(=O)O)C1CCC2C3C(O)CC4CC(O)CCC4(C)C3CCC12C,10.479634683971375
623,623,CC(Cn1cnc2c(N)ncnc12)OCP(=O)(O)O,10.79799340913993
624,624,O=C1C(C(=O)c2ccccc12)c3ccccc3,10.603790225204916
625,625,OC(=O)C(CC1=CC(=O)Nc2ccccc12)NC(=O)c3ccc(Cl)cc3,10.548488742614232
626,626,CN(C)CCN(Cc1ccccc1)c2ccccn2,10.512883300794101
627,627,CC(C)NCC(O)COC1=CC=C(CCOCC2CC2)C=C1,10.741429278047821
628,628,NS(=O)(=O)c1cc2c(cc1Cl)N=CNS2(=O)=O,10.140679298084804
629,629,CC[N+](C)(CC)CCOC(=O)C(O)(C1CCCCC1)c2ccccc2,10.15778697212497
630,630,CN1CCC2=C(C1)c3ccccc3Cc4c2cccc4,10.136096190070372
631,631,Nc1c(Br)cc(Br)cc1CNC2CCC(O)CC2,10.705276556466874
632,632,CC1CC2C(CCC3(C)C2CCC3(O)C(=O)C)C4(C)CCC(=O)C=C14,10.750808572032422
633,633,CCC(/C=C/Cl)(C#C)O,10.04955989691722
634,634,CCN(CC)CCNC(=O)c1cc(c(cc1OC)N)Cl,10.978872697332754
635,635,CC(C1=NCCN1)Oc2c(cccc2Cl)Cl,10.617211983443466
636,636,ClCCN(CCCl)P1(=O)OCCCN1CCCl,10.458953536690444
637,637,CC12CC(O)C3(F)C(CCC4=CC(=O)C=CC34C)C1CC(O)C2(O)C(=O)CO,10.240183271778966
638,638,CN1c2ccc(cc2N(C(=O)CC1=O)c3ccccc3)Cl,10.397255558594733
639,639,Clc1ccc2N=C3NC(=O)CN3Cc2c1Cl,10.332658226328604
640,640,CC(C(O)=O)C1=CC(=CC=C1)C(=O)C1=CC=CC=C1,10.695749713274262
641,641,CCC(=O)C(CC(C)N(C)C)(c1ccccc1)c2ccccc2,10.051031185444074
642,642,CC1(C)SC2C(NC(=O)C3(N)CCCCC3)C(=O)N2C1C(=O)O,10.2175219721274
643,643,Oc1c(Cl)cc(Cl)cc1Sc2cc(Cl)cc(Cl)c2O,10.837371546694788
644,644,COc1ccc(OC)c(c1)C(O)CNC(=O)CN,10.088911415697089
645,645,CCN(CC)CCNC(=O)c1ccc(NC(=O)C)cc1,10.436085075376425
646,646,CNCCc1ccccn1,10.956344897296495
647,647,CC(C)(C)NCC(O)COc1nsnc1N2CCOCC2,10.172997976147002
648,648,CCOc1ccccc1OCCNC(C)Cc2ccc(OC)c(c2)S(=O)(=O)N,10.439827680014957
649,649,OP(=O)(O)C(Sc1ccc(Cl)cc1)P(=O)(O)O,10.077880438876141
650,650,CCCCNc1cc(cc(c1Oc2ccccc2)S(=O)(=O)N)C(=O)O,10.998767043730632
651,651,CCC(=C)C(=O)c1ccc(OCC(=O)O)c(Cl)c1Cl,10.964374699225415
652,652,CCC(CO)NC(=O)C1CN(C)C2Cc3c[nH]c4cccc(C2=C1)c34,10.99001154533357
653,653,c1ccc(cc1)C2=NC(C(=O)Nc3c2cc(cc3)Cl)C(=O)O,10.209046476751384
654,654,c1ccc2c(c1)CC(=O)c3ccccc3N2C(=O)N,10.20212138725822
655,655,CN1CCN(CC1)CCCN2c3ccccc3Sc4c2cc(cc4)S(=O)(=O)N(C)C,10.50360373720296
656,656,COc1cc(Cc2cnc(N)nc2N)cc(OC)c1OC,10.626723580945548
657,657,CC(C)NCC1CCc2cc(CO)c(cc2N1)[N+](=O)[O],10.813704642740893
658,658,CCC1OC(=O)C(C)C(OC2CC(C)(OC)C(O)C(C)O2)C(C)C(OC3OC(C)CC(C3O)N(C)C)C(C)(O)CC(C)C(=NOCOCCOC)C(C)C(O)C1(C)O,10.179398643379015
659,659,CC(CN1C2=CC=CC=C2SC2=CC=CC=C12)N(C)C,10.73279605021349
660,660,c1cc(ccc1C(=O)NCCN2CCOCC2)Cl,10.343872361522921
661,661,COC1C(CC(=O)OC(C)CC=CC=CC(O)C(C)CC(CC=O)C1OC2OC(C)C(OC3CC(C)(OC(=O)CC(C)C)C(O)C(C)O3)C(C2O)N(C)C)OC(=O)C,10.757389143754557
662,662,CNC(=O)C(NC(=O)C(CC(C)C)C(O)C(=O)NO)C(C)(C)C,10.882642010211024
663,663,c1ccc2c(c1)CCc3ccccc3C2NCCCCCCC(=O)O,10.989041164166716
664,664,CN(C)C=Nc1c(I)cc(I)c(CCC(=O)O)c1I,10.660439876772513
665,665,CN1C(=C(O)c2ccccc2S1(=O)=O)C(=O)Nc3ncc(C)s3,10.08925535254489
666,666,CC1(O)CCC2C3CCC4=CC(=O)CCC4(C)C3(F)C(O)CC12C,10.557601974087731
667,667,COC1C=COC2(C)Oc3c(C)c(O)c4c(O)c(NC(=O)C(=CC=CC(C)C(O)C(C)C(O)C(C)C(OC(=O)C)C1C)C)c(C=NN5CCN(C)CC5)c(O)c4c3C2=O,10.55653357646003
668,668,CC(Cc1ccccc1)N(C)Cc2ccccc2,10.122131078829579
669,669,CN1c2ccc(cc2C(=NC(C1=O)O)c3ccccc3Cl)Cl,10.469264125512407
670,670,COc1ccc2c(c1)c(CC(=O)OCC(=O)O)c(C)n2C(=O)c3ccc(Cl)cc3,10.708882607737953
671,671,c1ccc(cc1)C2CC2N,10.66525504372467
672,672,CCN1C=C(C(=O)O)C(=O)c2cc(F)c(cc12)N3CCNCC3,10.790548728939095
673,673,CN1CCN(CC1)C1=C(F)C=C2C(=O)C(=CN(CCF)C2=C1F)C(O)=O,10.856999032324989
674,674,c1ccc(cc1)CC(=O)NC(=O)N,10.523464119865704
675,675,Cc1cc(no1)C(=O)NNCc2ccccc2,10.457346905556342
676,676,CN1C=CNC1=S,10.692284549151324
677,677,[Br].C[N+]1(C)C2CCC1CC(C2)OC(=O)C(O)c3ccccc3,10.88152596748716
678,678,CC1OC(OC(O1)C)C,10.01769605807488
679,679,CCCN(CCC)C(=O)Cc1c(nc2n1cc(cc2)Cl)c3ccc(cc3)Cl,10.402699522350309
680,680,C\C(\C=C\C1=C(C)CCCC1(C)C)=C/C=C/C(/C)=C\C(O)=O,10.213633585956371
681,681,CC[N+]1(CC)CCC(=C(c2ccccc2)c3ccccc3)C1C,10.819995452729504
682,682,CC(C)N1C(=O)N=C(c2ccccc2)c3ccc(C)cc13,10.296529595938141
683,683,CN1C(=O)N(CCCCC(=O)C)C(=O)c2c1ncn2C,10.556205831500716
684,684,COC1C=COC2(C)Oc3c(C)c(O)c4C(=O)C(=C5NC6(CCN(CC(C)C)CC6)N=C5c4c3C2=O)NC(=O)C(=CC=CC(C)C(O)C(C)C(O)C(C)C(OC(=O)C)C1C)C,10.22743666821109
685,685,CN1C(=O)N(C)c2ncn(CC(O)CO)c2C1=O,10.869197807747428
686,686,OC(=O)CCNC(=O)c1ccc(cc1)N=Nc2ccc(O)c(c2)C(=O)O,10.753141253778248
687,687,c1cc2c(cc1Cl)[nH]c(=O)o2,10.330140937576111
688,688,NCC(O)C1=CC(O)=CC=C1,10.74222473758154
689,689,CN1CCC23c4c5ccc(c4OC2C(C=CC3C1C5)O)O,10.063775547489177
690,690,COC1C=COC2(C)Oc3c(C)c(O)c4c(O)c(NC(=O)C(=CC=CC(C)C(O)C(C)C(O)C(C)C(OC(=O)C)C1C)C)c(C=NN5CCN(CC5)C6CCCC6)c(O)c4c3C2=O,10.483673714931985
691,691,Cc1cc2c(s1)Nc3ccccc3N=C2N4CCN(CC4)C,10.793731595602148
692,692,c1ccc(cc1)C(CCN2CCCCC2)(C3CCCCC3)O,10.008853220645216
693,693,CN1C(=O)N(C)c2ncn(CC3OCCO3)c2C1=O,10.368190464817104
694,694,CN(C)CCCC1(c2ccc(cc2CO1)C#N)c3ccc(cc3)F,10.379508342145154
695,695,CC1C2Cc3ccc(cc3C1(CCN2CCc4ccccc4)C)O,10.358046098810945
696,696,NC(N)=NN=CC1=C(Cl)C=CC=C1Cl,10.110443912935102
697,697,CC12CCC3C(CCC4NC(=O)C=CC34C)C1CCC2C(=O)Nc5cc(ccc5C(F)(F)F)C(F)(F)F,10.184519551456432
698,698,CC1CC2C3CC(F)C4=CC(=O)C=CC4(C)C3C(O)CC2(C)C1(O)C(=O)CO,10.16062762630573
699,699,FC(F)(F)C(F)(F)C(F)(F)C(F)(F)C(F)(F)C(F)(F)C(F)(F)C(F)(F)Br,10.477175830192
